Date,Gold_Price_USD,USD_Index,Oil_Price_USD,Inflation_Rate,Interest_Rate,Market_Sentiment
2019-01-01,1285.97,96.94,57.78,1.88,2.25,Bullish
2019-01-02,1280.13,97.11,58.21,1.77,2.24,Bullish
2019-01-03,1283.94,96.23,54.93,1.77,2.23,Bullish
2019-01-04,1284.51,96.72,54.43,1.77,2.26,Bearish
2019-01-07,1277.64,97.04,55.62,1.82,2.24,Bearish
2019-01-08,1279.67,96.59,56.81,1.77,2.25,Neutral
2019-01-09,1288.58,96.51,57.25,1.7,2.22,Neutral
2019-01-10,1283.57,97.09,58.06,1.75,2.22,Bullish
2019-01-11,1278.31,97.42,57.41,1.71,2.26,Bullish
2019-01-14,1278.92,97.23,58.07,1.84,2.27,Bullish
2019-01-15,1275.29,96.88,57.4,1.85,2.24,Bullish
2019-01-16,1280.51,97.47,55.92,1.84,2.26,Bearish
2019-01-17,1284.89,96.74,57.43,1.88,2.25,Bearish
2019-01-18,1294.52,96.84,56.93,1.73,2.27,Bearish
2019-01-21,1280.24,97.14,58.77,1.77,2.23,Neutral
2019-01-22,1277.99,97.2,58.39,1.81,2.26,Bullish
2019-01-23,1282.78,97.39,56.16,1.78,2.24,Neutral
2019-01-24,1270.29,95.94,57.41,1.78,2.24,Bullish
2019-01-25,1280.71,97.16,59.26,1.81,2.26,Neutral
2019-01-28,1281.4,96.99,54.99,1.75,2.23,Bullish
2019-01-29,1282.48,97.99,56.77,1.82,2.25,Neutral
2019-01-30,1272.65,97.31,55.62,1.76,2.27,Neutral
2019-01-31,1293.22,96.44,57.7,1.91,2.23,Bullish
2019-02-01,1306.47,97.68,58.05,1.8,2.24,Bullish
2019-02-04,1302.5,97.19,55.9,1.88,2.23,Neutral
2019-02-05,1308.42,96.86,57.67,1.85,2.26,Bearish
2019-02-06,1298.14,97.07,57.31,1.84,2.23,Neutral
2019-02-07,1300.44,97.25,58.46,1.81,2.27,Bullish
2019-02-08,1313.34,96.71,59.24,1.82,2.23,Neutral
2019-02-11,1316.25,96.7,55.64,1.84,2.28,Neutral
2019-02-12,1317.58,97.76,56.71,1.76,2.23,Neutral
2019-02-13,1304.47,97.35,56.71,1.86,2.26,Bearish
2019-02-14,1308.88,98.09,57.75,1.76,2.23,Neutral
2019-02-15,1314.86,96.95,57.89,1.78,2.27,Bullish
2019-02-18,1307.43,97.34,57.26,1.74,2.25,Bearish
2019-02-19,1314.08,97.09,56.03,1.85,2.25,Neutral
2019-02-20,1319.66,97.42,55.35,1.75,2.26,Neutral
2019-02-21,1315.11,97.01,58.05,1.87,2.25,Bearish
2019-02-22,1318.63,97.26,56.62,1.84,2.23,Bearish
2019-02-25,1309.11,96.98,56.36,1.71,2.26,Bearish
2019-02-26,1307.22,97.44,57.08,1.75,2.24,Bearish
2019-02-27,1316.44,97.96,59.21,1.87,2.27,Neutral
2019-02-28,1294.8,97.07,56.21,1.84,2.23,Bullish
2019-03-01,1291.08,96.69,58.99,1.78,2.24,Bullish
2019-03-04,1306.12,97.16,55.49,1.85,2.29,Bearish
2019-03-05,1300.26,96.71,55.46,1.79,2.29,Bullish
2019-03-06,1266.07,96.59,56.7,1.74,2.28,Bearish
2019-03-07,1280.56,96.95,56.44,1.8,2.3,Neutral
2019-03-08,1284.15,97.18,57.24,1.77,2.25,Neutral
2019-03-11,1288.92,96.24,58.54,1.77,2.29,Bearish
2019-03-12,1290.79,97.24,57.34,1.77,2.25,Neutral
2019-03-13,1288.06,96.75,56.57,1.85,2.28,Neutral
2019-03-14,1298.5,97.25,56.01,1.77,2.26,Neutral
2019-03-15,1296.88,96.28,55.54,1.77,2.27,Neutral
2019-03-18,1290.26,97.44,57.99,1.84,2.28,Bullish
2019-03-19,1292.17,96.9,58.02,1.79,2.24,Neutral
2019-03-20,1292.78,97.24,56.02,1.9,2.23,Bearish
2019-03-21,1282.29,97.31,57.8,1.77,2.25,Bearish
2019-03-22,1299.8,96.94,56.01,1.78,2.26,Bearish
2019-03-25,1287.49,96.83,57.24,1.83,2.27,Bullish
2019-03-26,1280.42,96.44,56.14,1.79,2.26,Bearish
2019-03-27,1303.8,96.88,56.99,1.77,2.25,Bullish
2019-03-28,1294.58,96.67,57.62,1.88,2.25,Bullish
2019-03-29,1295.21,96.86,57.55,1.8,2.27,Neutral
2019-04-01,1280.78,96.69,57.03,1.82,2.28,Bearish
2019-04-02,1287.67,97.48,59.18,1.79,2.27,Bearish
2019-04-03,1273.28,96.76,54.45,1.77,2.23,Neutral
2019-04-04,1281.2,96.23,57.43,1.83,2.27,Bullish
2019-04-05,1269.44,97.73,58.42,1.78,2.22,Neutral
2019-04-08,1290.83,97.11,57.33,1.68,2.23,Bullish
2019-04-09,1280.04,97.02,56.46,1.83,2.23,Neutral
2019-04-10,1278.86,96.45,57.64,1.85,2.28,Bullish
2019-04-11,1282.66,96.7,58.86,1.81,2.27,Bearish
2019-04-12,1280.54,97.41,57.2,1.75,2.24,Bullish
2019-04-15,1285.16,97.55,55.84,1.83,2.27,Bullish
2019-04-16,1265.93,97.35,56.84,1.81,2.21,Neutral
2019-04-17,1293.03,96.45,54.96,1.8,2.26,Bearish
2019-04-18,1279.74,97.45,55.27,1.79,2.25,Bullish
2019-04-19,1282.93,96.62,56.38,1.75,2.25,Bearish
2019-04-22,1287.64,96.82,56.43,1.76,2.24,Bullish
2019-04-23,1279.14,96.59,56.34,1.74,2.29,Bullish
2019-04-24,1280.28,97.21,58.45,1.84,2.24,Neutral
2019-04-25,1275.76,96.77,56.67,1.68,2.22,Bearish
2019-04-26,1290.93,97.34,55.81,1.8,2.27,Bearish
2019-04-29,1278.98,96.62,55.07,1.81,2.23,Bullish
2019-04-30,1268.62,96.58,56.21,1.76,2.24,Neutral
2019-05-01,1288.5,97.35,56.99,1.87,2.25,Bearish
2019-05-02,1268.11,96.82,58.9,1.78,2.24,Bullish
2019-05-03,1282.41,97.76,55.32,1.83,2.24,Bullish
2019-05-06,1271.1,96.67,56.35,1.67,2.26,Neutral
2019-05-07,1273.09,96.64,56.31,1.84,2.26,Neutral
2019-05-08,1267.18,97.82,58.94,1.85,2.23,Bullish
2019-05-09,1268.89,96.28,55.05,1.8,2.26,Bullish
2019-05-10,1267.77,96.54,57.32,1.94,2.22,Bullish
2019-05-13,1268.12,96.85,58.21,1.77,2.27,Neutral
2019-05-14,1265.96,96.71,59.92,1.71,2.23,Neutral
2019-05-15,1277.97,96.76,57.1,1.79,2.27,Bullish
2019-05-16,1277.04,96.76,57.71,1.78,2.24,Neutral
2019-05-17,1277.32,97.83,58.05,1.78,2.27,Bearish
2019-05-20,1271.74,96.73,54.32,1.85,2.23,Bearish
2019-05-21,1277.62,96.91,58.0,1.69,2.25,Bullish
2019-05-22,1281.17,97.07,57.68,1.76,2.24,Neutral
2019-05-23,1280.06,97.91,57.22,1.81,2.24,Bullish
2019-05-24,1268.2,97.6,57.48,1.78,2.27,Neutral
2019-05-27,1272.84,96.61,56.47,1.82,2.27,Neutral
2019-05-28,1267.62,97.55,58.21,1.72,2.26,Bullish
2019-05-29,1260.77,97.6,57.79,1.8,2.26,Bearish
2019-05-30,1266.0,96.92,57.06,1.89,2.26,Neutral
2019-05-31,1268.68,97.19,59.26,1.87,2.28,Neutral
2019-06-03,1315.91,96.96,57.94,1.93,2.26,Bullish
2019-06-04,1318.74,96.83,55.79,1.72,2.27,Bullish
2019-06-05,1320.59,97.51,56.02,1.72,2.24,Bearish
2019-06-06,1318.03,96.89,53.76,1.8,2.25,Bearish
2019-06-07,1325.57,96.59,57.62,1.76,2.25,Neutral
2019-06-10,1340.59,97.02,57.02,1.8,2.25,Bullish
2019-06-11,1318.85,98.03,55.67,1.87,2.2,Bearish
2019-06-12,1329.97,96.17,56.59,1.78,2.22,Bearish
2019-06-13,1313.78,96.86,56.92,1.82,2.23,Bearish
2019-06-14,1325.77,96.55,56.37,1.82,2.23,Bullish
2019-06-17,1325.7,97.33,55.87,1.81,2.26,Bullish
2019-06-18,1311.35,97.25,57.71,1.78,2.26,Bearish
2019-06-19,1309.99,96.5,56.02,1.87,2.21,Bullish
2019-06-20,1309.76,97.7,54.5,1.88,2.25,Neutral
2019-06-21,1319.23,97.39,56.96,1.78,2.28,Bullish
2019-06-24,1322.46,96.32,55.38,1.84,2.25,Neutral
2019-06-25,1318.53,96.48,57.12,1.72,2.26,Bearish
2019-06-26,1328.23,97.19,57.31,1.85,2.28,Bullish
2019-06-27,1328.11,96.94,57.97,1.82,2.2,Bullish
2019-06-28,1324.14,96.71,57.22,1.76,2.24,Bullish
2019-07-01,1401.75,97.54,55.94,1.83,2.21,Bearish
2019-07-02,1416.95,97.07,55.97,1.84,2.24,Bearish
2019-07-03,1413.98,96.32,58.18,1.78,2.25,Bullish
2019-07-04,1412.72,97.71,56.25,1.89,2.26,Neutral
2019-07-05,1408.5,96.56,58.12,1.71,2.27,Bullish
2019-07-08,1412.4,97.25,57.21,1.73,2.26,Neutral
2019-07-09,1417.88,97.51,58.27,1.78,2.26,Bearish
2019-07-10,1416.44,97.08,57.33,1.74,2.23,Neutral
2019-07-11,1421.43,97.45,56.9,1.78,2.27,Neutral
2019-07-12,1413.77,96.82,56.48,1.78,2.25,Bullish
2019-07-15,1409.17,96.9,57.16,1.82,2.21,Neutral
2019-07-16,1421.25,96.41,57.32,1.84,2.25,Neutral
2019-07-17,1421.52,97.49,56.18,1.77,2.2,Bearish
2019-07-18,1409.44,97.58,58.9,1.77,2.24,Bullish
2019-07-19,1410.75,96.6,55.74,1.7,2.23,Bearish
2019-07-22,1420.87,96.91,56.94,1.83,2.23,Neutral
2019-07-23,1416.06,97.47,58.95,1.72,2.25,Bullish
2019-07-24,1408.01,96.78,56.24,1.86,2.28,Bearish
2019-07-25,1408.43,97.14,56.55,1.76,2.24,Bearish
2019-07-26,1425.38,97.72,56.26,1.78,2.26,Bearish
2019-07-29,1415.68,96.66,57.13,1.71,2.22,Bullish
2019-07-30,1412.73,97.72,56.38,1.81,2.25,Bearish
2019-07-31,1422.51,97.48,57.41,1.87,2.23,Bearish
2019-08-01,1516.67,96.86,57.71,1.86,2.27,Bearish
2019-08-02,1516.06,97.4,58.84,1.77,2.26,Neutral
2019-08-05,1510.66,97.06,58.45,1.76,2.26,Neutral
2019-08-06,1508.85,96.91,57.0,1.84,2.22,Neutral
2019-08-07,1501.12,97.3,57.77,1.91,2.24,Neutral
2019-08-08,1513.75,97.22,57.06,1.86,2.22,Neutral
2019-08-09,1508.43,97.08,58.29,1.75,2.25,Bullish
2019-08-12,1506.4,96.81,57.15,1.82,2.24,Bullish
2019-08-13,1524.52,96.97,56.33,1.89,2.22,Bullish
2019-08-14,1494.41,97.26,58.18,1.86,2.28,Bullish
2019-08-15,1517.2,96.96,59.22,1.75,2.22,Neutral
2019-08-16,1506.46,97.36,56.75,1.76,2.24,Bullish
2019-08-19,1501.99,97.58,56.9,1.86,2.26,Neutral
2019-08-20,1515.65,97.18,57.73,1.75,2.26,Bullish
2019-08-21,1513.57,97.28,56.89,1.87,2.24,Bullish
2019-08-22,1526.41,96.7,56.98,1.72,2.26,Neutral
2019-08-23,1508.43,96.24,56.46,1.68,2.22,Bearish
2019-08-26,1518.08,97.15,57.57,1.8,2.24,Bullish
2019-08-27,1511.97,96.54,58.8,1.84,2.25,Bullish
2019-08-28,1512.22,96.65,57.05,1.79,2.25,Bullish
2019-08-29,1503.99,96.89,59.16,1.83,2.24,Bullish
2019-08-30,1516.58,97.11,56.04,1.89,2.26,Neutral
2019-09-02,1492.16,97.25,58.26,1.77,2.28,Bearish
2019-09-03,1486.58,97.16,59.62,1.78,2.25,Bullish
2019-09-04,1479.79,96.81,56.62,1.82,2.26,Bearish
2019-09-05,1480.41,98.19,56.88,1.75,2.27,Neutral
2019-09-06,1485.3,97.05,57.74,1.75,2.24,Neutral
2019-09-09,1471.65,97.37,58.05,1.71,2.23,Bullish
2019-09-10,1486.8,97.42,59.02,1.78,2.27,Neutral
2019-09-11,1484.69,96.35,56.31,1.84,2.25,Bullish
2019-09-12,1496.81,97.55,56.25,1.82,2.26,Bullish
2019-09-13,1487.09,97.13,56.65,1.72,2.25,Neutral
2019-09-16,1491.17,95.86,58.38,1.71,2.24,Neutral
2019-09-17,1476.04,97.32,55.51,1.86,2.24,Bullish
2019-09-18,1484.62,97.19,57.09,1.74,2.27,Bearish
2019-09-19,1481.05,97.26,55.33,1.76,2.26,Bullish
2019-09-20,1482.43,97.83,57.46,1.82,2.27,Bullish
2019-09-23,1486.91,96.87,56.34,1.8,2.24,Neutral
2019-09-24,1490.86,96.97,57.09,1.7,2.27,Bearish
2019-09-25,1487.77,96.16,60.53,1.76,2.26,Bullish
2019-09-26,1493.87,96.58,57.74,1.75,2.24,Neutral
2019-09-27,1500.31,97.22,55.9,1.8,2.29,Bearish
2019-09-30,1486.61,97.42,58.33,1.86,2.26,Bullish
2019-10-01,1481.86,96.69,57.36,1.85,2.24,Neutral
2019-10-02,1503.91,97.18,56.71,1.85,2.27,Neutral
2019-10-03,1481.18,97.29,57.76,1.86,2.24,Bullish
2019-10-04,1489.62,97.01,55.68,1.73,2.28,Bullish
2019-10-07,1484.22,96.38,56.64,1.74,2.24,Bullish
2019-10-08,1504.14,97.4,56.17,1.91,2.27,Bearish
2019-10-09,1488.4,96.82,56.98,1.74,2.22,Bullish
2019-10-10,1499.18,97.98,58.66,1.83,2.26,Neutral
2019-10-11,1497.83,96.9,57.47,1.79,2.26,Bullish
2019-10-14,1477.46,96.96,55.81,1.74,2.25,Bullish
2019-10-15,1502.14,97.61,57.93,1.77,2.22,Bullish
2019-10-16,1495.4,96.61,57.13,1.73,2.24,Bearish
2019-10-17,1493.56,97.56,56.91,1.77,2.25,Bearish
2019-10-18,1491.98,97.22,57.06,1.8,2.24,Bearish
2019-10-21,1485.7,97.46,56.64,1.79,2.27,Bullish
2019-10-22,1485.25,97.36,56.65,1.86,2.24,Bearish
2019-10-23,1493.23,97.89,55.51,1.83,2.24,Neutral
2019-10-24,1489.52,96.95,57.05,1.79,2.27,Bullish
2019-10-25,1508.68,97.58,54.98,1.82,2.25,Bullish
2019-10-28,1484.57,97.66,59.01,1.77,2.26,Bullish
2019-10-29,1504.03,96.56,56.15,1.77,2.25,Bearish
2019-10-30,1492.87,96.38,57.4,1.84,2.21,Bullish
2019-10-31,1493.99,97.28,59.34,1.79,2.28,Bullish
2019-11-01,1472.47,97.03,57.65,1.75,2.25,Bullish
2019-11-04,1456.69,97.63,56.63,1.87,2.23,Neutral
2019-11-05,1459.26,96.87,58.46,1.81,2.3,Bullish
2019-11-06,1471.15,96.79,57.43,1.83,2.26,Neutral
2019-11-07,1461.71,96.47,54.8,1.83,2.23,Bearish
2019-11-08,1450.78,97.33,57.04,1.81,2.25,Neutral
2019-11-11,1468.65,96.96,58.1,1.79,2.26,Neutral
2019-11-12,1470.57,96.8,56.72,1.74,2.24,Bearish
2019-11-13,1468.23,97.0,58.3,1.82,2.25,Bearish
2019-11-14,1474.54,96.74,57.64,1.67,2.25,Bullish
2019-11-15,1463.12,96.93,57.07,1.83,2.25,Bullish
2019-11-18,1471.89,95.84,57.35,1.81,2.23,Bullish
2019-11-19,1480.25,97.49,56.74,1.87,2.25,Neutral
2019-11-20,1465.3,96.77,56.51,1.78,2.24,Bullish
2019-11-21,1464.89,97.07,57.19,1.8,2.26,Bullish
2019-11-22,1477.53,97.2,59.75,1.75,2.25,Neutral
2019-11-25,1457.06,96.91,55.6,1.71,2.26,Neutral
2019-11-26,1474.07,96.99,56.79,1.78,2.25,Bullish
2019-11-27,1463.63,97.16,55.23,1.81,2.25,Bullish
2019-11-28,1472.63,96.22,59.47,1.74,2.25,Bullish
2019-11-29,1466.62,97.68,55.35,1.72,2.28,Neutral
2019-12-02,1473.33,97.46,55.66,1.72,2.24,Neutral
2019-12-03,1492.26,96.76,57.89,1.81,2.28,Bullish
2019-12-04,1487.49,96.52,57.08,1.8,2.28,Bearish
2019-12-05,1472.08,97.07,55.38,1.75,2.27,Bearish
2019-12-06,1469.74,96.82,56.48,1.81,2.24,Neutral
2019-12-09,1482.97,96.7,55.29,1.88,2.24,Bearish
2019-12-10,1472.99,97.26,58.47,1.77,2.25,Neutral
2019-12-11,1469.85,97.37,57.07,1.81,2.28,Neutral
2019-12-12,1479.06,96.66,57.43,1.83,2.25,Bullish
2019-12-13,1466.64,96.21,59.47,1.74,2.25,Neutral
2019-12-16,1472.79,96.46,58.1,1.82,2.26,Neutral
2019-12-17,1473.66,97.11,56.7,1.88,2.26,Neutral
2019-12-18,1480.88,96.58,57.6,1.82,2.25,Neutral
2019-12-19,1478.2,96.74,56.37,1.83,2.27,Neutral
2019-12-20,1475.17,97.92,58.29,1.71,2.25,Bearish
2019-12-23,1481.03,97.15,58.55,1.83,2.25,Bullish
2019-12-24,1465.21,97.33,55.89,1.86,2.24,Bullish
2019-12-25,1488.36,97.16,55.56,1.82,2.27,Bearish
2019-12-26,1470.12,96.42,55.67,1.78,2.23,Neutral
2019-12-27,1488.82,96.84,57.27,1.85,2.22,Bearish
2019-12-30,1460.91,97.47,56.31,1.81,2.23,Bearish
2019-12-31,1470.49,97.07,58.85,1.9,2.29,Bearish
2020-01-01,1569.67,91.75,42.99,1.2,0.28,Bullish
2020-01-02,1558.64,91.82,42.84,1.25,0.25,Bearish
2020-01-03,1571.82,91.83,40.94,1.16,0.25,Bullish
2020-01-06,1572.11,92.25,40.77,1.29,0.27,Bullish
2020-01-07,1564.66,92.46,41.63,1.26,0.21,Bearish
2020-01-08,1556.09,91.55,42.17,1.11,0.26,Bullish
2020-01-09,1558.82,92.41,41.77,1.18,0.26,Neutral
2020-01-10,1550.64,90.85,41.97,1.29,0.28,Neutral
2020-01-13,1556.34,92.14,40.68,1.22,0.24,Bearish
2020-01-14,1559.2,91.92,40.95,1.16,0.25,Bullish
2020-01-15,1562.94,91.88,43.88,1.17,0.25,Bullish
2020-01-16,1540.61,92.35,42.88,1.19,0.25,Neutral
2020-01-17,1564.13,91.96,41.28,1.24,0.23,Neutral
2020-01-20,1566.35,91.5,42.35,1.13,0.26,Bearish
2020-01-21,1559.71,91.68,41.62,1.18,0.24,Bullish
2020-01-22,1561.6,92.46,40.78,1.2,0.26,Bullish
2020-01-23,1565.54,92.15,44.17,1.2,0.23,Bearish
2020-01-24,1563.49,92.36,39.16,1.15,0.26,Bullish
2020-01-27,1576.46,92.56,42.07,1.17,0.25,Neutral
2020-01-28,1554.83,91.68,41.42,1.15,0.25,Bullish
2020-01-29,1573.0,91.86,42.61,1.22,0.25,Neutral
2020-01-30,1567.06,91.97,41.78,1.36,0.26,Neutral
2020-01-31,1553.99,92.52,41.32,1.11,0.25,Neutral
2020-02-03,1599.99,92.43,41.46,1.26,0.25,Bullish
2020-02-04,1591.82,92.39,42.79,1.24,0.24,Neutral
2020-02-05,1582.32,91.84,40.85,1.22,0.29,Bullish
2020-02-06,1576.46,92.08,42.29,1.23,0.25,Bearish
2020-02-07,1576.5,92.17,41.78,1.25,0.27,Neutral
2020-02-10,1605.72,91.68,42.72,1.21,0.26,Bearish
2020-02-11,1576.95,92.46,43.58,1.19,0.21,Bearish
2020-02-12,1580.14,91.8,43.19,1.23,0.23,Neutral
2020-02-13,1583.09,91.85,41.53,1.15,0.28,Bearish
2020-02-14,1582.42,91.39,43.49,1.19,0.27,Neutral
2020-02-17,1577.77,92.13,40.59,1.26,0.24,Bullish
2020-02-18,1586.61,91.84,42.63,1.17,0.27,Bearish
2020-02-19,1586.01,92.78,40.8,1.17,0.26,Neutral
2020-02-20,1586.44,92.29,42.8,1.14,0.27,Neutral
2020-02-21,1590.38,92.76,41.84,1.15,0.27,Bearish
2020-02-24,1584.04,92.1,41.92,1.19,0.23,Bullish
2020-02-25,1587.66,92.08,42.85,1.18,0.26,Neutral
2020-02-26,1582.92,92.36,41.37,1.23,0.24,Bullish
2020-02-27,1587.94,92.74,41.73,1.18,0.25,Bullish
2020-02-28,1582.57,91.36,42.94,1.25,0.23,Bullish
2020-03-02,1600.6,92.68,41.87,1.19,0.25,Bullish
2020-03-03,1602.3,92.14,43.4,1.21,0.26,Neutral
2020-03-04,1594.52,92.4,38.76,1.23,0.24,Neutral
2020-03-05,1578.35,92.35,42.28,1.31,0.23,Bearish
2020-03-06,1606.12,92.3,42.09,1.12,0.25,Bearish
2020-03-09,1586.25,92.17,42.17,1.27,0.26,Bearish
2020-03-10,1588.02,92.08,41.11,1.13,0.24,Bullish
2020-03-11,1592.7,91.91,39.52,1.22,0.23,Bullish
2020-03-12,1593.66,91.42,41.63,1.16,0.26,Bearish
2020-03-13,1603.72,92.15,41.78,1.16,0.25,Bearish
2020-03-16,1590.45,91.68,43.29,1.2,0.29,Neutral
2020-03-17,1592.51,91.84,41.22,1.13,0.21,Bearish
2020-03-18,1595.14,92.2,40.1,1.24,0.24,Bullish
2020-03-19,1594.17,92.06,41.26,1.16,0.26,Bullish
2020-03-20,1575.79,91.71,41.75,1.15,0.25,Bullish
2020-03-23,1593.61,92.2,41.8,1.26,0.27,Bullish
2020-03-24,1592.21,92.01,42.85,1.21,0.27,Neutral
2020-03-25,1595.3,92.02,41.11,1.12,0.24,Bearish
2020-03-26,1588.61,92.04,42.19,1.15,0.28,Bearish
2020-03-27,1586.07,92.19,43.01,1.29,0.24,Bullish
2020-03-30,1601.0,91.73,43.67,1.19,0.26,Neutral
2020-03-31,1595.08,91.27,41.17,1.11,0.27,Bearish
2020-04-01,1691.26,92.45,40.69,1.18,0.23,Neutral
2020-04-02,1681.28,91.61,41.48,1.2,0.25,Bearish
2020-04-03,1678.5,91.92,39.98,1.16,0.27,Bullish
2020-04-06,1695.92,92.76,41.45,1.2,0.23,Bullish
2020-04-07,1687.37,92.0,41.48,1.19,0.25,Bullish
2020-04-08,1680.04,91.28,41.57,1.2,0.25,Neutral
2020-04-09,1692.38,92.15,41.87,1.22,0.22,Bearish
2020-04-10,1673.99,92.07,40.58,1.28,0.26,Neutral
2020-04-13,1668.59,91.78,41.05,1.17,0.25,Bullish
2020-04-14,1679.22,92.02,42.59,1.25,0.21,Bullish
2020-04-15,1699.59,91.63,38.96,1.19,0.27,Bearish
2020-04-16,1698.67,91.82,40.47,1.2,0.24,Bearish
2020-04-17,1685.03,92.19,43.3,1.2,0.26,Bullish
2020-04-20,1679.87,91.73,43.05,1.19,0.23,Neutral
2020-04-21,1692.01,91.98,39.87,1.26,0.23,Neutral
2020-04-22,1677.77,92.1,39.1,1.34,0.24,Neutral
2020-04-23,1682.56,92.11,42.63,1.23,0.26,Bullish
2020-04-24,1683.72,92.47,41.75,1.19,0.27,Bearish
2020-04-27,1688.25,92.08,41.98,1.18,0.27,Bearish
2020-04-28,1690.58,91.84,41.1,1.26,0.24,Bullish
2020-04-29,1690.63,92.21,42.87,1.23,0.24,Neutral
2020-04-30,1686.46,92.28,43.42,1.23,0.26,Bearish
2020-05-01,1715.79,91.65,41.8,1.16,0.24,Bullish
2020-05-04,1714.84,92.04,41.84,1.2,0.26,Bullish
2020-05-05,1716.01,91.67,42.79,1.25,0.22,Bullish
2020-05-06,1709.9,92.35,41.24,1.19,0.26,Neutral
2020-05-07,1713.88,91.2,42.76,1.14,0.25,Bullish
2020-05-08,1718.22,91.66,42.4,1.2,0.27,Bearish
2020-05-11,1730.4,92.5,42.25,1.18,0.27,Neutral
2020-05-12,1708.21,92.09,43.64,1.14,0.25,Neutral
2020-05-13,1715.8,91.29,41.17,1.18,0.24,Neutral
2020-05-14,1717.22,91.75,42.02,1.25,0.23,Bullish
2020-05-15,1722.6,91.65,41.21,1.18,0.22,Neutral
2020-05-18,1709.45,92.41,41.2,1.19,0.27,Neutral
2020-05-19,1719.12,91.96,42.32,1.17,0.2,Bearish
2020-05-20,1714.93,92.21,41.02,1.21,0.25,Neutral
2020-05-21,1716.71,92.08,41.26,1.18,0.26,Bullish
2020-05-22,1725.63,92.16,41.85,1.06,0.25,Bearish
2020-05-25,1711.6,91.51,41.39,1.19,0.24,Neutral
2020-05-26,1727.62,91.84,42.58,1.18,0.29,Neutral
2020-05-27,1721.36,91.57,40.14,1.24,0.26,Neutral
2020-05-28,1708.78,92.43,40.36,1.28,0.23,Bullish
2020-05-29,1713.37,92.24,41.35,1.19,0.25,Bullish
2020-06-01,1719.98,91.39,40.64,1.19,0.2,Bearish
2020-06-02,1747.3,92.31,41.98,1.19,0.25,Bearish
2020-06-03,1732.38,92.42,41.13,1.21,0.28,Neutral
2020-06-04,1733.38,92.24,41.58,1.17,0.25,Bullish
2020-06-05,1740.39,92.4,40.38,1.23,0.26,Bearish
2020-06-08,1715.19,91.67,41.88,1.12,0.25,Bullish
2020-06-09,1741.29,92.21,42.06,1.19,0.24,Bullish
2020-06-10,1725.0,91.87,43.54,1.23,0.23,Neutral
2020-06-11,1729.97,91.48,43.89,1.14,0.27,Bullish
2020-06-12,1726.13,92.19,43.18,1.2,0.24,Bullish
2020-06-15,1729.21,91.56,41.81,1.2,0.26,Bullish
2020-06-16,1744.19,92.0,41.77,1.18,0.25,Bearish
2020-06-17,1738.98,91.77,41.9,1.19,0.23,Bullish
2020-06-18,1724.57,92.24,40.08,1.22,0.29,Bullish
2020-06-19,1717.09,92.07,42.05,1.23,0.24,Neutral
2020-06-22,1731.41,92.01,41.23,1.22,0.29,Bullish
2020-06-23,1726.47,92.56,43.41,1.21,0.23,Neutral
2020-06-24,1725.5,92.0,40.5,1.23,0.27,Neutral
2020-06-25,1724.38,91.94,40.95,1.2,0.24,Bearish
2020-06-26,1725.13,91.74,42.89,1.19,0.24,Bullish
2020-06-29,1738.57,92.1,42.18,1.21,0.26,Bullish
2020-06-30,1722.52,92.32,39.64,1.24,0.23,Bullish
2020-07-01,1907.85,91.39,42.04,1.21,0.25,Bullish
2020-07-02,1902.85,92.23,44.37,1.12,0.28,Bullish
2020-07-03,1902.83,92.31,41.65,1.27,0.24,Bearish
2020-07-06,1890.39,92.0,40.5,1.22,0.27,Bullish
2020-07-07,1898.63,92.0,42.85,1.26,0.24,Neutral
2020-07-08,1911.89,91.57,42.82,1.26,0.21,Bearish
2020-07-09,1904.56,92.28,38.93,1.16,0.23,Bullish
2020-07-10,1907.43,91.54,42.8,1.22,0.22,Bullish
2020-07-13,1896.58,92.35,42.7,1.18,0.23,Neutral
2020-07-14,1897.22,92.57,44.09,1.25,0.25,Neutral
2020-07-15,1895.53,92.19,41.32,1.23,0.25,Bullish
2020-07-16,1907.2,91.4,43.26,1.15,0.24,Bearish
2020-07-17,1904.0,91.08,42.19,1.25,0.27,Bearish
2020-07-20,1903.84,92.2,42.8,1.22,0.27,Bullish
2020-07-21,1897.06,91.48,40.53,1.25,0.27,Bearish
2020-07-22,1901.96,92.27,40.69,1.18,0.26,Bullish
2020-07-23,1908.79,91.98,42.55,1.24,0.23,Neutral
2020-07-24,1906.01,92.02,42.01,1.17,0.26,Bullish
2020-07-27,1905.37,92.1,43.66,1.15,0.24,Neutral
2020-07-28,1898.17,91.65,42.83,1.18,0.27,Bullish
2020-07-29,1906.94,92.44,44.32,1.2,0.24,Bullish
2020-07-30,1893.77,91.46,40.17,1.26,0.24,Bullish
2020-07-31,1914.27,91.72,43.12,1.29,0.24,Bullish
2020-08-03,1968.75,91.78,42.19,1.23,0.27,Bullish
2020-08-04,1981.59,92.61,41.41,1.19,0.24,Bullish
2020-08-05,1972.75,91.98,42.04,1.16,0.25,Neutral
2020-08-06,1962.61,91.74,44.04,1.14,0.22,Bullish
2020-08-07,1969.33,91.42,40.89,1.15,0.25,Bearish
2020-08-10,1970.55,91.97,42.22,1.21,0.23,Bearish
2020-08-11,1959.6,92.33,42.97,1.14,0.27,Bullish
2020-08-12,1982.3,92.26,40.16,1.19,0.26,Bearish
2020-08-13,1978.38,92.47,41.72,1.2,0.22,Bearish
2020-08-14,1974.11,91.96,42.6,1.18,0.26,Bearish
2020-08-17,1969.81,91.93,42.27,1.18,0.25,Bullish
2020-08-18,1976.61,92.67,41.41,1.2,0.25,Bearish
2020-08-19,1959.66,92.28,41.4,1.21,0.26,Neutral
2020-08-20,1968.12,91.72,40.96,1.29,0.24,Bearish
2020-08-21,1965.36,92.1,42.6,1.22,0.25,Bullish
2020-08-24,1975.94,92.57,42.82,1.21,0.28,Bullish
2020-08-25,1975.47,91.92,43.29,1.32,0.23,Neutral
2020-08-26,1958.95,92.44,42.77,1.31,0.23,Bullish
2020-08-27,1965.15,92.69,44.39,1.16,0.24,Bearish
2020-08-28,1976.88,91.72,42.0,1.24,0.25,Bullish
2020-08-31,1966.06,92.58,40.49,1.24,0.24,Bullish
2020-09-01,1907.76,92.22,40.75,1.21,0.25,Bearish
2020-09-02,1907.35,91.76,40.7,1.16,0.31,Bullish
2020-09-03,1919.96,92.42,41.44,1.17,0.27,Neutral
2020-09-04,1909.0,92.13,42.1,1.09,0.25,Bearish
2020-09-07,1903.19,91.44,42.02,1.22,0.27,Neutral
2020-09-08,1913.36,92.24,44.47,1.14,0.26,Bullish
2020-09-09,1902.59,91.59,42.89,1.21,0.28,Bullish
2020-09-10,1904.32,91.5,41.74,1.18,0.3,Bullish
2020-09-11,1913.46,91.94,41.29,1.16,0.24,Neutral
2020-09-14,1918.17,92.84,40.1,1.11,0.29,Neutral
2020-09-15,1913.12,92.0,40.44,1.25,0.25,Bearish
2020-09-16,1901.89,92.03,40.89,1.21,0.23,Bearish
2020-09-17,1906.74,91.81,40.46,1.19,0.25,Bearish
2020-09-18,1907.6,91.98,45.14,1.14,0.28,Bullish
2020-09-21,1917.97,92.5,42.16,1.22,0.26,Bearish
2020-09-22,1918.77,91.75,40.42,1.19,0.23,Bullish
2020-09-23,1909.49,91.89,43.13,1.22,0.25,Bullish
2020-09-24,1905.15,92.08,43.44,1.18,0.21,Bullish
2020-09-25,1914.96,91.5,40.23,1.19,0.24,Bearish
2020-09-28,1917.18,92.51,42.78,1.14,0.25,Neutral
2020-09-29,1909.95,92.11,43.82,1.27,0.26,Neutral
2020-09-30,1910.67,92.56,42.49,1.16,0.28,Bullish
2020-10-01,1905.58,92.06,41.86,1.22,0.25,Neutral
2020-10-02,1913.6,92.43,42.23,1.25,0.23,Bearish
2020-10-05,1903.18,91.6,43.12,1.17,0.23,Bullish
2020-10-06,1897.04,91.44,42.02,1.25,0.23,Neutral
2020-10-07,1912.15,92.44,42.72,1.25,0.23,Bullish
2020-10-08,1901.37,92.22,40.59,1.16,0.26,Bullish
2020-10-09,1892.41,91.39,42.74,1.25,0.26,Neutral
2020-10-12,1894.43,92.23,42.31,1.17,0.23,Bullish
2020-10-13,1884.3,91.87,42.59,1.17,0.25,Bearish
2020-10-14,1905.43,91.88,41.6,1.24,0.26,Bullish
2020-10-15,1902.53,91.72,42.15,1.26,0.23,Neutral
2020-10-16,1891.87,91.9,41.95,1.19,0.26,Bullish
2020-10-19,1911.45,91.52,42.83,1.27,0.26,Bullish
2020-10-20,1903.09,92.44,44.41,1.25,0.25,Bearish
2020-10-21,1908.36,92.71,41.41,1.13,0.24,Bearish
2020-10-22,1902.94,91.16,42.75,1.24,0.24,Bearish
2020-10-23,1900.99,92.48,43.41,1.23,0.25,Bullish
2020-10-26,1915.7,92.0,43.21,1.27,0.24,Bearish
2020-10-27,1896.12,91.52,42.45,1.18,0.29,Bearish
2020-10-28,1897.32,92.14,43.86,1.24,0.26,Neutral
2020-10-29,1903.71,91.61,45.67,1.14,0.24,Bearish
2020-10-30,1903.09,91.92,44.11,1.28,0.24,Bullish
2020-11-02,1876.79,91.68,41.82,1.25,0.26,Neutral
2020-11-03,1868.96,92.25,42.76,1.16,0.27,Neutral
2020-11-04,1872.95,92.12,42.09,1.26,0.25,Bullish
2020-11-05,1873.87,91.92,41.75,1.16,0.25,Bullish
2020-11-06,1865.61,91.32,41.44,1.17,0.27,Bullish
2020-11-09,1874.1,91.86,41.08,1.14,0.24,Bullish
2020-11-10,1879.45,91.85,42.4,1.24,0.24,Bullish
2020-11-11,1877.75,91.66,42.69,1.11,0.24,Bearish
2020-11-12,1880.41,91.53,42.02,1.13,0.27,Bearish
2020-11-13,1877.36,91.67,43.1,1.17,0.25,Bearish
2020-11-16,1872.92,92.22,43.97,1.26,0.26,Neutral
2020-11-17,1881.15,91.23,41.67,1.24,0.25,Neutral
2020-11-18,1866.76,90.67,40.24,1.18,0.27,Neutral
2020-11-19,1864.37,91.63,43.88,1.19,0.25,Neutral
2020-11-20,1875.6,92.1,40.49,1.18,0.3,Bearish
2020-11-23,1880.36,91.39,43.77,1.14,0.25,Bullish
2020-11-24,1869.22,91.64,41.14,1.22,0.24,Bullish
2020-11-25,1869.16,92.09,43.46,1.17,0.24,Bearish
2020-11-26,1876.16,92.16,42.56,1.23,0.23,Bullish
2020-11-27,1881.27,91.88,40.99,1.16,0.26,Neutral
2020-11-30,1887.83,91.94,40.58,1.16,0.24,Bearish
2020-12-01,1854.51,91.73,42.35,1.19,0.21,Neutral
2020-12-02,1845.03,91.98,40.54,1.3,0.22,Neutral
2020-12-03,1857.79,92.56,41.54,1.22,0.25,Bearish
2020-12-04,1844.96,92.01,43.06,1.17,0.25,Bullish
2020-12-07,1845.33,92.69,41.66,1.21,0.25,Bullish
2020-12-08,1858.61,92.1,40.93,1.16,0.24,Bullish
2020-12-09,1858.4,92.5,41.36,1.22,0.24,Bearish
2020-12-10,1868.06,92.3,42.14,1.17,0.25,Bullish
2020-12-11,1862.78,92.52,41.14,1.24,0.25,Neutral
2020-12-14,1861.49,92.2,42.24,1.23,0.22,Bearish
2020-12-15,1868.95,91.82,40.93,1.25,0.27,Neutral
2020-12-16,1873.78,91.56,40.46,1.19,0.23,Bullish
2020-12-17,1869.97,91.81,42.77,1.19,0.26,Bullish
2020-12-18,1852.82,91.98,42.58,1.12,0.25,Bearish
2020-12-21,1871.65,92.31,42.56,1.28,0.23,Bearish
2020-12-22,1875.98,91.89,42.71,1.14,0.27,Bullish
2020-12-23,1857.77,91.58,43.47,1.19,0.26,Bearish
2020-12-24,1857.44,91.97,39.78,1.24,0.22,Bearish
2020-12-25,1869.29,92.04,43.52,1.16,0.26,Neutral
2020-12-28,1863.6,92.76,42.97,1.19,0.27,Bullish
2020-12-29,1861.02,92.04,40.64,1.32,0.28,Bullish
2020-12-30,1866.82,92.17,44.5,1.11,0.26,Neutral
2020-12-31,1846.74,91.66,41.5,1.29,0.26,Bullish
2021-01-01,1837.32,94.75,69.23,4.72,0.26,Bearish
2021-01-04,1837.7,94.94,67.3,4.75,0.22,Neutral
2021-01-05,1825.34,95.28,66.44,4.72,0.26,Bullish
2021-01-06,1833.04,95.34,68.23,4.72,0.24,Bearish
2021-01-07,1848.28,95.04,67.63,4.71,0.25,Bearish
2021-01-08,1845.26,95.57,66.84,4.69,0.26,Bearish
2021-01-11,1849.26,95.41,67.24,4.59,0.27,Neutral
2021-01-12,1851.4,95.98,66.35,4.66,0.24,Bearish
2021-01-13,1841.73,95.96,69.54,4.69,0.24,Bullish
2021-01-14,1850.54,95.37,67.89,4.67,0.22,Bearish
2021-01-15,1850.57,95.64,67.69,4.77,0.28,Bearish
2021-01-18,1849.62,96.15,67.12,4.79,0.27,Bullish
2021-01-19,1852.42,95.56,69.51,4.69,0.27,Bullish
2021-01-20,1846.51,95.62,67.93,4.76,0.21,Bearish
2021-01-21,1849.15,95.41,67.9,4.78,0.24,Bullish
2021-01-22,1856.33,95.73,67.84,4.73,0.24,Neutral
2021-01-25,1854.84,95.53,67.6,4.76,0.27,Bullish
2021-01-26,1837.65,95.73,68.54,4.61,0.23,Bullish
2021-01-27,1845.73,96.1,67.43,4.66,0.25,Bullish
2021-01-28,1856.39,96.16,67.42,4.67,0.26,Neutral
2021-01-29,1845.14,95.26,67.87,4.7,0.24,Bullish
2021-02-01,1793.58,95.34,67.89,4.7,0.22,Neutral
2021-02-02,1804.96,94.81,68.41,4.65,0.27,Neutral
2021-02-03,1799.77,94.65,67.88,4.67,0.26,Bullish
2021-02-04,1796.76,95.75,67.34,4.6,0.24,Neutral
2021-02-05,1769.74,95.35,66.75,4.62,0.23,Bearish
2021-02-08,1793.88,95.74,68.86,4.69,0.25,Bullish
2021-02-09,1783.77,94.8,67.53,4.71,0.25,Bearish
2021-02-10,1789.67,95.71,66.63,4.73,0.24,Neutral
2021-02-11,1784.98,95.2,66.24,4.67,0.27,Bearish
2021-02-12,1797.13,95.35,69.42,4.72,0.24,Bullish
2021-02-15,1783.43,95.86,69.07,4.79,0.24,Bearish
2021-02-16,1798.7,94.97,70.12,4.61,0.23,Bearish
2021-02-17,1790.02,95.67,68.22,4.72,0.25,Neutral
2021-02-18,1803.23,95.77,67.13,4.73,0.24,Bullish
2021-02-19,1800.2,95.68,69.42,4.64,0.28,Bearish
2021-02-22,1805.19,94.81,70.19,4.75,0.23,Bullish
2021-02-23,1784.6,95.8,69.64,4.73,0.26,Neutral
2021-02-24,1785.1,95.39,65.46,4.69,0.26,Bearish
2021-02-25,1784.43,96.26,66.46,4.71,0.27,Neutral
2021-02-26,1782.96,96.15,70.34,4.66,0.25,Bullish
2021-03-01,1719.65,95.92,67.79,4.74,0.26,Bullish
2021-03-02,1727.13,96.26,68.29,4.71,0.25,Bearish
2021-03-03,1735.94,95.56,66.94,4.66,0.27,Bearish
2021-03-04,1744.49,95.97,66.51,4.6,0.26,Bullish
2021-03-05,1734.85,95.76,67.74,4.66,0.27,Bullish
2021-03-08,1738.77,94.98,67.09,4.7,0.24,Neutral
2021-03-09,1733.64,95.72,66.97,4.7,0.21,Bearish
2021-03-10,1740.01,94.94,67.29,4.69,0.24,Bullish
2021-03-11,1744.35,94.5,69.53,4.72,0.23,Bearish
2021-03-12,1724.4,95.98,69.37,4.66,0.24,Bearish
2021-03-15,1734.73,95.09,69.32,4.75,0.26,Bearish
2021-03-16,1735.89,95.8,69.73,4.68,0.22,Bearish
2021-03-17,1730.11,95.67,67.94,4.65,0.27,Bullish
2021-03-18,1751.56,95.97,70.73,4.73,0.22,Neutral
2021-03-19,1732.98,95.26,66.69,4.74,0.27,Neutral
2021-03-22,1720.63,95.64,69.54,4.66,0.28,Bearish
2021-03-23,1722.07,95.44,68.6,4.79,0.26,Bullish
2021-03-24,1731.06,95.35,67.81,4.74,0.27,Bullish
2021-03-25,1725.28,96.15,67.66,4.78,0.26,Bullish
2021-03-26,1731.9,95.59,66.83,4.7,0.26,Bullish
2021-03-29,1733.63,94.65,68.55,4.65,0.23,Bullish
2021-03-30,1719.5,95.41,69.15,4.78,0.23,Bearish
2021-03-31,1728.79,95.57,68.48,4.71,0.25,Bearish
2021-04-01,1769.44,94.78,69.79,4.66,0.24,Bullish
2021-04-02,1783.05,95.21,70.6,4.76,0.25,Bullish
2021-04-05,1787.22,95.57,69.67,4.71,0.23,Neutral
2021-04-06,1766.38,95.18,67.91,4.7,0.29,Bullish
2021-04-07,1767.91,95.98,68.38,4.7,0.23,Bearish
2021-04-08,1782.93,95.73,68.23,4.7,0.26,Bearish
2021-04-09,1758.74,95.57,68.57,4.77,0.25,Neutral
2021-04-12,1773.6,95.34,70.39,4.66,0.24,Bearish
2021-04-13,1777.82,95.41,68.97,4.69,0.22,Bullish
2021-04-14,1782.41,95.67,65.87,4.75,0.26,Neutral
2021-04-15,1790.08,96.0,68.69,4.62,0.28,Neutral
2021-04-16,1797.18,95.86,68.69,4.64,0.22,Bullish
2021-04-19,1781.34,96.06,68.67,4.62,0.25,Bearish
2021-04-20,1778.11,95.18,67.53,4.68,0.24,Bullish
2021-04-21,1768.96,95.61,65.0,4.58,0.24,Neutral
2021-04-22,1779.15,95.03,70.03,4.79,0.25,Neutral
2021-04-23,1787.19,96.34,68.72,4.68,0.27,Bullish
2021-04-26,1778.27,95.47,68.06,4.65,0.24,Neutral
2021-04-27,1768.72,95.63,68.16,4.68,0.23,Bearish
2021-04-28,1788.23,96.05,67.64,4.57,0.24,Bullish
2021-04-29,1778.49,95.54,68.61,4.65,0.27,Bullish
2021-04-30,1776.38,95.41,68.6,4.67,0.26,Bearish
2021-05-03,1810.48,95.14,66.43,4.73,0.24,Neutral
2021-05-04,1790.99,94.95,68.39,4.7,0.26,Bullish
2021-05-05,1790.73,95.28,69.92,4.76,0.26,Neutral
2021-05-06,1788.64,95.67,69.54,4.59,0.26,Neutral
2021-05-07,1775.05,95.66,67.01,4.65,0.24,Bullish
2021-05-10,1790.35,95.03,67.76,4.8,0.21,Bearish
2021-05-11,1786.59,95.03,68.32,4.83,0.22,Bearish
2021-05-12,1800.43,95.18,67.94,4.69,0.26,Bullish
2021-05-13,1806.61,95.75,70.13,4.73,0.27,Bearish
2021-05-14,1786.11,95.49,67.36,4.62,0.26,Bullish
2021-05-17,1815.09,95.5,67.73,4.75,0.23,Bullish
2021-05-18,1800.12,95.55,67.86,4.64,0.25,Bearish
2021-05-19,1788.95,95.73,64.99,4.7,0.25,Bullish
2021-05-20,1796.83,95.93,68.27,4.75,0.24,Neutral
2021-05-21,1805.5,95.56,68.99,4.67,0.23,Bullish
2021-05-24,1788.48,95.07,70.55,4.77,0.29,Bullish
2021-05-25,1785.22,94.9,68.11,4.66,0.22,Neutral
2021-05-26,1803.55,95.74,70.76,4.63,0.28,Neutral
2021-05-27,1804.17,95.76,67.56,4.69,0.26,Bullish
2021-05-28,1811.4,95.5,68.94,4.66,0.23,Bearish
2021-05-31,1803.66,95.72,68.23,4.75,0.24,Neutral
2021-06-01,1819.11,95.39,69.43,4.74,0.22,Bearish
2021-06-02,1829.81,95.23,65.86,4.76,0.27,Bullish
2021-06-03,1814.66,95.25,68.72,4.67,0.25,Neutral
2021-06-04,1832.95,94.9,66.61,4.7,0.24,Bullish
2021-06-07,1820.51,95.05,68.31,4.71,0.27,Neutral
2021-06-08,1823.55,95.27,68.51,4.72,0.25,Bearish
2021-06-09,1827.06,94.67,68.19,4.81,0.24,Neutral
2021-06-10,1821.18,95.45,68.41,4.76,0.27,Neutral
2021-06-11,1825.86,95.64,69.24,4.74,0.23,Neutral
2021-06-14,1833.56,95.42,70.17,4.68,0.27,Bullish
2021-06-15,1828.43,95.99,68.72,4.66,0.3,Bearish
2021-06-16,1829.12,95.65,68.45,4.67,0.26,Neutral
2021-06-17,1836.75,95.92,69.05,4.68,0.24,Bearish
2021-06-18,1829.66,95.53,68.22,4.63,0.27,Bullish
2021-06-21,1825.88,95.62,67.37,4.77,0.26,Bullish
2021-06-22,1827.32,94.95,66.5,4.56,0.27,Neutral
2021-06-23,1852.94,96.42,67.78,4.69,0.27,Bearish
2021-06-24,1840.63,96.06,67.54,4.73,0.24,Bearish
2021-06-25,1817.4,94.57,69.03,4.66,0.21,Bearish
2021-06-28,1828.16,95.5,68.03,4.69,0.26,Bullish
2021-06-29,1824.04,94.96,67.14,4.73,0.26,Bearish
2021-06-30,1828.34,95.51,66.75,4.64,0.22,Bearish
2021-07-01,1809.31,95.63,69.5,4.68,0.24,Bearish
2021-07-02,1798.25,95.96,68.03,4.69,0.28,Neutral
2021-07-05,1816.58,95.5,67.02,4.74,0.25,Neutral
2021-07-06,1814.14,95.62,67.32,4.63,0.24,Neutral
2021-07-07,1822.01,95.3,67.06,4.66,0.21,Bearish
2021-07-08,1817.77,95.87,67.64,4.7,0.27,Bullish
2021-07-09,1812.8,95.37,66.75,4.64,0.26,Bullish
2021-07-12,1809.6,95.14,68.38,4.72,0.24,Bearish
2021-07-13,1818.69,95.34,68.31,4.69,0.25,Neutral
2021-07-14,1811.4,95.24,66.93,4.66,0.22,Bullish
2021-07-15,1804.26,95.56,66.93,4.73,0.25,Neutral
2021-07-16,1798.25,95.82,69.56,4.71,0.23,Bullish
2021-07-19,1803.88,94.78,67.54,4.69,0.24,Neutral
2021-07-20,1804.53,95.66,67.34,4.77,0.24,Bullish
2021-07-21,1804.59,95.7,69.42,4.72,0.25,Bullish
2021-07-22,1809.77,94.94,69.58,4.71,0.23,Neutral
2021-07-23,1806.26,95.38,67.26,4.66,0.27,Bearish
2021-07-26,1803.03,95.11,69.69,4.68,0.26,Bearish
2021-07-27,1809.8,95.7,69.56,4.64,0.24,Bearish
2021-07-28,1812.79,95.26,66.34,4.67,0.24,Neutral
2021-07-29,1813.94,95.41,67.55,4.66,0.26,Neutral
2021-07-30,1827.23,96.12,70.9,4.68,0.24,Neutral
2021-08-02,1781.22,94.91,67.11,4.76,0.27,Bullish
2021-08-03,1791.94,95.4,66.0,4.74,0.23,Neutral
2021-08-04,1775.25,95.14,67.92,4.73,0.21,Neutral
2021-08-05,1788.7,96.11,68.48,4.67,0.27,Bearish
2021-08-06,1786.86,95.9,69.67,4.74,0.26,Bullish
2021-08-09,1793.04,95.45,67.32,4.67,0.29,Neutral
2021-08-10,1800.6,94.94,68.7,4.66,0.22,Bullish
2021-08-11,1791.75,95.45,70.0,4.66,0.2,Neutral
2021-08-12,1804.84,95.59,67.58,4.62,0.24,Bullish
2021-08-13,1787.31,95.8,66.58,4.71,0.27,Bullish
2021-08-16,1795.37,96.11,69.07,4.74,0.25,Bullish
2021-08-17,1793.11,95.27,68.24,4.75,0.24,Bearish
2021-08-18,1785.22,94.54,67.51,4.75,0.26,Bullish
2021-08-19,1793.43,95.02,67.7,4.72,0.29,Bearish
2021-08-20,1785.35,95.26,67.89,4.69,0.27,Bearish
2021-08-23,1791.49,95.74,67.9,4.72,0.25,Bearish
2021-08-24,1785.13,95.65,68.37,4.61,0.29,Bullish
2021-08-25,1800.33,96.08,66.2,4.7,0.25,Bearish
2021-08-26,1794.54,95.08,69.64,4.78,0.31,Bullish
2021-08-27,1781.01,94.94,68.11,4.67,0.26,Bullish
2021-08-30,1805.39,95.19,65.97,4.68,0.21,Neutral
2021-08-31,1796.01,95.5,68.98,4.76,0.23,Bullish
2021-09-01,1736.38,95.37,69.97,4.72,0.23,Neutral
2021-09-02,1752.75,96.46,68.45,4.7,0.22,Bearish
2021-09-03,1749.09,95.75,68.03,4.63,0.23,Bullish
2021-09-06,1754.59,95.97,67.74,4.67,0.22,Bullish
2021-09-07,1770.36,94.93,65.78,4.74,0.24,Bullish
2021-09-08,1750.45,95.59,67.61,4.71,0.27,Neutral
2021-09-09,1759.9,94.93,66.62,4.56,0.23,Bullish
2021-09-10,1760.65,95.85,67.96,4.75,0.29,Bullish
2021-09-13,1760.46,95.33,68.84,4.84,0.25,Bearish
2021-09-14,1756.15,95.59,67.35,4.71,0.26,Bullish
2021-09-15,1764.7,95.68,69.15,4.69,0.26,Bearish
2021-09-16,1755.23,95.34,67.08,4.74,0.27,Bullish
2021-09-17,1757.58,95.22,66.15,4.69,0.24,Bullish
2021-09-20,1753.91,95.03,67.87,4.69,0.24,Neutral
2021-09-21,1766.43,94.74,69.57,4.69,0.27,Bullish
2021-09-22,1753.64,95.43,68.19,4.71,0.26,Bullish
2021-09-23,1752.09,95.59,69.48,4.65,0.26,Neutral
2021-09-24,1748.28,95.44,67.25,4.65,0.23,Neutral
2021-09-27,1763.81,95.85,67.92,4.71,0.24,Neutral
2021-09-28,1763.85,95.23,66.69,4.67,0.28,Bearish
2021-09-29,1766.04,95.35,67.71,4.61,0.24,Bullish
2021-09-30,1744.68,95.55,67.24,4.78,0.27,Bearish
2021-10-01,1754.12,96.16,67.71,4.7,0.27,Bullish
2021-10-04,1770.18,95.56,67.95,4.7,0.2,Neutral
2021-10-05,1764.95,96.16,68.46,4.72,0.22,Bullish
2021-10-06,1738.95,95.19,67.96,4.59,0.28,Neutral
2021-10-07,1764.21,95.31,67.22,4.7,0.25,Bullish
2021-10-08,1763.84,95.96,67.88,4.65,0.24,Bullish
2021-10-11,1767.89,95.22,66.15,4.69,0.24,Neutral
2021-10-12,1752.27,94.97,67.93,4.7,0.27,Neutral
2021-10-13,1762.23,95.3,66.98,4.67,0.24,Bearish
2021-10-14,1762.88,94.98,70.32,4.69,0.27,Bearish
2021-10-15,1740.9,95.3,69.32,4.62,0.19,Bullish
2021-10-18,1764.57,94.84,68.73,4.67,0.22,Neutral
2021-10-19,1760.88,95.25,68.59,4.56,0.23,Bullish
2021-10-20,1750.99,95.44,68.52,4.74,0.25,Bullish
2021-10-21,1760.36,95.72,70.23,4.68,0.26,Bearish
2021-10-22,1745.57,95.03,67.6,4.83,0.25,Bullish
2021-10-25,1774.95,95.67,68.33,4.7,0.22,Neutral
2021-10-26,1770.84,95.34,66.64,4.66,0.21,Neutral
2021-10-27,1771.63,95.47,65.79,4.74,0.24,Bullish
2021-10-28,1765.59,94.81,68.04,4.55,0.26,Neutral
2021-10-29,1768.6,95.58,68.25,4.65,0.25,Neutral
2021-11-01,1799.28,95.2,67.71,4.59,0.23,Neutral
2021-11-02,1797.08,95.38,67.93,4.72,0.26,Bearish
2021-11-03,1775.04,95.88,66.92,4.62,0.23,Bullish
2021-11-04,1774.83,95.46,67.28,4.65,0.25,Bearish
2021-11-05,1793.91,95.62,68.06,4.74,0.23,Neutral
2021-11-08,1784.77,95.58,67.45,4.71,0.28,Bullish
2021-11-09,1795.84,95.44,69.45,4.68,0.24,Neutral
2021-11-10,1800.65,94.89,66.73,4.71,0.23,Bullish
2021-11-11,1784.66,96.16,67.14,4.67,0.23,Bullish
2021-11-12,1785.96,95.79,67.76,4.68,0.25,Neutral
2021-11-15,1777.03,95.54,68.13,4.77,0.23,Bullish
2021-11-16,1792.24,95.37,67.98,4.69,0.27,Neutral
2021-11-17,1782.39,95.87,67.29,4.68,0.21,Neutral
2021-11-18,1796.45,95.04,68.91,4.71,0.26,Bearish
2021-11-19,1785.84,95.42,65.88,4.74,0.21,Neutral
2021-11-22,1806.59,95.91,67.22,4.7,0.25,Bullish
2021-11-23,1778.34,95.51,66.39,4.64,0.23,Bearish
2021-11-24,1794.23,95.79,68.27,4.68,0.26,Bullish
2021-11-25,1796.44,95.91,68.53,4.79,0.27,Bearish
2021-11-26,1786.79,95.51,67.19,4.71,0.22,Bearish
2021-11-29,1786.63,95.66,67.07,4.67,0.26,Bullish
2021-11-30,1772.03,96.32,68.35,4.66,0.25,Bearish
2021-12-01,1794.41,95.34,67.26,4.73,0.25,Bearish
2021-12-02,1797.12,95.83,68.39,4.67,0.27,Bullish
2021-12-03,1782.14,95.63,67.8,4.74,0.26,Neutral
2021-12-06,1796.9,95.93,66.94,4.72,0.25,Bullish
2021-12-07,1799.78,95.93,67.45,4.68,0.29,Bullish
2021-12-08,1784.53,94.5,68.24,4.73,0.26,Bullish
2021-12-09,1777.4,95.47,68.28,4.59,0.24,Bearish
2021-12-10,1803.04,95.88,66.92,4.64,0.26,Bullish
2021-12-13,1786.25,95.9,68.32,4.69,0.27,Bearish
2021-12-14,1794.81,95.28,67.34,4.73,0.27,Neutral
2021-12-15,1790.82,95.62,66.11,4.69,0.27,Bullish
2021-12-16,1785.97,95.54,68.58,4.77,0.24,Bullish
2021-12-17,1789.02,95.55,67.25,4.7,0.24,Neutral
2021-12-20,1783.74,94.97,66.14,4.73,0.27,Neutral
2021-12-21,1807.79,95.08,68.76,4.66,0.24,Bullish
2021-12-22,1799.8,95.67,68.13,4.72,0.26,Bearish
2021-12-23,1803.27,95.78,69.18,4.73,0.26,Bullish
2021-12-24,1781.84,95.92,66.57,4.71,0.23,Bullish
2021-12-27,1797.43,95.85,67.99,4.68,0.24,Neutral
2021-12-28,1800.05,95.5,68.47,4.65,0.24,Bearish
2021-12-29,1789.33,96.09,68.65,4.67,0.21,Bearish
2021-12-30,1785.33,94.96,66.1,4.72,0.25,Neutral
2021-12-31,1796.04,95.62,67.11,4.7,0.26,Neutral
2022-01-03,1788.5,104.92,93.29,7.95,4.25,Neutral
2022-01-04,1790.7,104.04,94.65,8.07,4.22,Bearish
2022-01-05,1807.44,104.96,92.33,8.04,4.25,Neutral
2022-01-06,1793.59,104.99,94.31,8.05,4.27,Neutral
2022-01-07,1803.94,104.24,94.26,7.98,4.25,Bearish
2022-01-10,1804.13,103.81,91.68,8.05,4.23,Neutral
2022-01-11,1800.96,104.73,93.88,8.0,4.26,Bearish
2022-01-12,1796.15,104.12,95.05,8.07,4.22,Bullish
2022-01-13,1793.7,104.76,92.72,8.09,4.23,Bullish
2022-01-14,1799.75,104.4,94.52,7.97,4.23,Bearish
2022-01-17,1809.62,104.51,93.28,7.99,4.27,Bullish
2022-01-18,1793.32,104.4,93.2,8.0,4.25,Bearish
2022-01-19,1793.47,104.83,94.25,7.95,4.25,Neutral
2022-01-20,1804.27,105.21,93.45,7.96,4.26,Bullish
2022-01-21,1793.09,104.58,94.65,7.89,4.25,Neutral
2022-01-24,1799.26,105.05,93.62,8.05,4.25,Bearish
2022-01-25,1811.08,105.02,92.69,7.99,4.24,Bullish
2022-01-26,1801.91,104.15,95.38,7.94,4.25,Neutral
2022-01-27,1809.54,104.3,94.07,7.98,4.27,Bullish
2022-01-28,1775.3,105.16,93.3,8.08,4.24,Bullish
2022-01-31,1800.85,105.0,93.2,7.96,4.27,Bearish
2022-02-01,1875.4,104.74,93.53,7.97,4.29,Bearish
2022-02-02,1876.19,104.01,91.58,7.86,4.27,Neutral
2022-02-03,1873.03,105.2,93.53,7.99,4.3,Bullish
2022-02-04,1859.07,104.41,93.7,8.03,4.25,Bearish
2022-02-07,1876.99,104.07,94.15,7.96,4.25,Bearish
2022-02-08,1883.86,104.39,93.32,7.98,4.26,Neutral
2022-02-09,1870.74,104.72,90.85,7.94,4.27,Bearish
2022-02-10,1875.84,104.08,94.99,7.95,4.26,Bearish
2022-02-11,1880.85,104.03,93.05,8.04,4.27,Bullish
2022-02-14,1865.63,104.12,92.27,7.98,4.25,Bullish
2022-02-15,1873.94,104.38,94.33,8.02,4.24,Bearish
2022-02-16,1873.01,104.31,92.81,7.93,4.26,Bearish
2022-02-17,1876.62,104.45,94.71,8.0,4.28,Neutral
2022-02-18,1867.13,104.74,94.49,8.02,4.25,Bullish
2022-02-21,1871.7,104.55,92.59,8.09,4.27,Bullish
2022-02-22,1877.78,104.54,95.21,8.03,4.25,Bearish
2022-02-23,1869.57,104.18,94.0,8.0,4.29,Neutral
2022-02-24,1862.49,104.48,92.74,8.02,4.26,Bullish
2022-02-25,1879.66,104.51,94.67,8.01,4.24,Bullish
2022-02-28,1876.15,104.7,94.0,8.02,4.28,Bullish
2022-03-01,1939.72,105.3,96.43,7.99,4.23,Neutral
2022-03-02,1940.11,104.34,93.36,8.01,4.22,Neutral
2022-03-03,1952.25,104.76,92.48,8.04,4.23,Neutral
2022-03-04,1934.04,104.6,92.58,7.99,4.27,Bullish
2022-03-07,1948.37,105.04,94.03,8.0,4.26,Neutral
2022-03-08,1923.44,104.81,93.97,8.06,4.23,Neutral
2022-03-09,1916.59,104.36,95.4,7.99,4.21,Bearish
2022-03-10,1947.85,104.24,91.49,7.99,4.24,Neutral
2022-03-11,1938.8,104.15,93.38,7.91,4.24,Bullish
2022-03-14,1945.89,103.72,91.54,8.04,4.26,Bullish
2022-03-15,1941.54,104.16,93.03,8.08,4.24,Bullish
2022-03-16,1953.42,104.33,94.91,7.9,4.26,Bullish
2022-03-17,1935.57,104.36,94.5,7.98,4.27,Neutral
2022-03-18,1947.02,104.39,93.81,7.99,4.23,Bullish
2022-03-21,1941.89,104.77,93.76,7.91,4.26,Neutral
2022-03-22,1948.95,104.03,94.71,8.03,4.21,Bullish
2022-03-23,1942.74,104.17,92.26,8.01,4.28,Bullish
2022-03-24,1947.48,104.44,95.4,8.03,4.21,Bullish
2022-03-25,1937.76,104.62,94.47,8.0,4.22,Bearish
2022-03-28,1946.25,104.56,95.42,8.12,4.27,Bullish
2022-03-29,1949.59,104.39,94.32,7.95,4.23,Bullish
2022-03-30,1941.39,103.83,94.23,8.0,4.25,Bullish
2022-03-31,1937.82,104.52,95.51,8.13,4.27,Bullish
2022-04-01,1929.14,104.09,92.39,8.02,4.24,Bullish
2022-04-04,1941.74,104.68,93.04,8.06,4.26,Neutral
2022-04-05,1927.18,104.69,94.76,7.98,4.23,Neutral
2022-04-06,1946.88,104.22,94.31,7.95,4.22,Bullish
2022-04-07,1925.49,104.5,91.97,7.94,4.26,Bullish
2022-04-08,1938.83,103.95,92.26,8.02,4.24,Neutral
2022-04-11,1930.03,104.04,94.32,7.96,4.24,Bearish
2022-04-12,1944.6,104.55,95.03,7.98,4.23,Neutral
2022-04-13,1944.81,105.02,96.0,8.02,4.26,Bullish
2022-04-14,1945.31,104.76,95.06,8.0,4.23,Bullish
2022-04-15,1942.77,103.62,95.84,8.06,4.24,Bullish
2022-04-18,1938.35,104.43,94.23,8.02,4.25,Bullish
2022-04-19,1941.86,103.94,94.7,7.99,4.25,Bearish
2022-04-20,1928.17,104.0,94.94,8.05,4.24,Bullish
2022-04-21,1935.92,105.0,94.95,8.05,4.26,Neutral
2022-04-22,1922.89,104.69,93.92,7.94,4.25,Bullish
2022-04-25,1933.01,104.62,93.21,7.99,4.23,Neutral
2022-04-26,1942.95,104.21,90.6,7.97,4.28,Bearish
2022-04-27,1922.22,103.95,95.65,8.01,4.26,Bearish
2022-04-28,1916.24,104.13,92.85,8.01,4.26,Bearish
2022-04-29,1932.23,104.53,94.23,8.12,4.21,Bullish
2022-05-02,1862.47,104.15,91.11,8.02,4.29,Bearish
2022-05-03,1863.46,104.16,93.49,7.98,4.21,Bullish
2022-05-04,1854.36,105.04,95.55,7.98,4.27,Bullish
2022-05-05,1869.79,104.79,94.01,7.99,4.25,Neutral
2022-05-06,1852.91,104.52,94.59,8.03,4.25,Bearish
2022-05-09,1856.54,104.21,93.78,7.92,4.3,Bullish
2022-05-10,1847.12,104.51,92.49,8.02,4.27,Bullish
2022-05-11,1862.85,104.72,94.86,8.12,4.29,Bearish
2022-05-12,1851.51,104.15,95.16,7.96,4.25,Bearish
2022-05-13,1863.62,104.93,91.51,8.0,4.27,Bearish
2022-05-16,1855.51,104.41,94.34,7.98,4.26,Bullish
2022-05-17,1862.67,104.51,93.83,7.98,4.24,Bullish
2022-05-18,1865.38,103.74,92.5,8.01,4.25,Bearish
2022-05-19,1856.84,104.62,92.59,7.99,4.26,Neutral
2022-05-20,1844.56,105.12,94.1,8.09,4.29,Bullish
2022-05-23,1857.68,104.07,95.15,8.12,4.25,Bullish
2022-05-24,1861.04,104.98,94.22,8.03,4.24,Bullish
2022-05-25,1845.86,105.18,93.86,7.98,4.27,Neutral
2022-05-26,1848.03,104.82,93.28,8.0,4.24,Bullish
2022-05-27,1865.23,104.7,94.3,8.0,4.26,Bearish
2022-05-30,1858.61,104.53,92.77,8.01,4.23,Bearish
2022-05-31,1856.68,103.94,93.84,8.03,4.28,Bearish
2022-06-01,1834.28,104.21,92.01,7.98,4.23,Bullish
2022-06-02,1844.51,104.23,93.67,8.0,4.25,Neutral
2022-06-03,1839.78,104.37,94.17,8.03,4.26,Neutral
2022-06-06,1826.34,104.52,94.58,8.04,4.24,Neutral
2022-06-07,1833.73,104.33,95.27,8.01,4.27,Neutral
2022-06-08,1838.01,104.42,94.9,8.02,4.3,Bullish
2022-06-09,1832.18,104.48,91.89,8.01,4.23,Bearish
2022-06-10,1837.53,104.05,94.33,7.9,4.25,Neutral
2022-06-13,1839.13,104.15,95.68,7.95,4.24,Bearish
2022-06-14,1835.68,104.1,94.66,8.09,4.22,Bearish
2022-06-15,1824.18,104.68,94.27,7.96,4.22,Bearish
2022-06-16,1836.05,104.59,92.9,8.09,4.24,Bullish
2022-06-17,1838.67,104.41,95.73,7.96,4.22,Neutral
2022-06-20,1832.23,104.87,93.6,7.97,4.25,Bearish
2022-06-21,1845.17,103.82,95.48,8.01,4.28,Bullish
2022-06-22,1839.86,104.07,93.79,8.02,4.26,Bullish
2022-06-23,1843.03,104.16,94.77,8.0,4.2,Neutral
2022-06-24,1837.2,104.13,97.52,7.95,4.24,Neutral
2022-06-27,1842.33,104.71,96.2,7.96,4.28,Bullish
2022-06-28,1841.46,105.33,92.32,8.06,4.25,Bullish
2022-06-29,1845.7,105.13,93.63,8.0,4.28,Neutral
2022-06-30,1834.2,103.88,94.98,8.02,4.23,Bullish
2022-07-01,1722.69,103.89,93.4,7.96,4.24,Bullish
2022-07-04,1713.98,105.31,95.5,7.96,4.26,Bullish
2022-07-05,1730.34,104.24,94.55,7.98,4.23,Neutral
2022-07-06,1716.31,104.79,95.55,8.13,4.23,Neutral
2022-07-07,1732.59,104.95,92.69,8.03,4.21,Bullish
2022-07-08,1721.87,104.76,95.23,8.03,4.28,Bearish
2022-07-11,1730.33,104.95,93.37,8.03,4.22,Neutral
2022-07-12,1715.03,104.13,95.59,7.99,4.25,Bearish
2022-07-13,1733.07,104.81,92.82,8.01,4.26,Bearish
2022-07-14,1725.97,104.16,93.09,7.95,4.24,Bearish
2022-07-15,1736.87,104.4,93.21,7.99,4.28,Bullish
2022-07-18,1725.45,104.72,94.27,7.94,4.27,Bearish
2022-07-19,1728.68,103.86,93.16,7.91,4.26,Bullish
2022-07-20,1729.05,104.98,93.07,7.98,4.24,Neutral
2022-07-21,1720.59,104.67,93.63,7.96,4.24,Neutral
2022-07-22,1718.57,104.67,91.96,7.97,4.24,Neutral
2022-07-25,1740.4,104.44,93.42,8.03,4.18,Bullish
2022-07-26,1731.91,104.65,94.2,8.06,4.24,Bullish
2022-07-27,1734.16,104.36,91.65,7.97,4.24,Bearish
2022-07-28,1725.48,103.9,95.64,7.98,4.24,Bullish
2022-07-29,1739.71,104.93,93.14,7.99,4.28,Bullish
2022-08-01,1773.45,104.8,97.09,7.89,4.26,Bullish
2022-08-02,1765.54,104.76,92.71,8.03,4.25,Bullish
2022-08-03,1776.74,104.51,95.62,7.92,4.22,Bearish
2022-08-04,1752.58,104.94,92.23,8.02,4.24,Bearish
2022-08-05,1754.86,104.62,92.57,7.98,4.26,Bearish
2022-08-08,1770.73,104.58,93.13,8.05,4.24,Bearish
2022-08-09,1765.79,104.29,93.08,8.04,4.24,Bullish
2022-08-10,1775.16,104.77,93.94,7.95,4.24,Bearish
2022-08-11,1777.41,104.46,93.79,8.03,4.27,Neutral
2022-08-12,1769.84,103.92,93.49,7.93,4.27,Bullish
2022-08-15,1775.5,104.25,93.93,8.06,4.26,Bullish
2022-08-16,1769.52,104.22,92.86,7.98,4.23,Neutral
2022-08-17,1759.2,105.21,94.38,7.93,4.24,Bearish
2022-08-18,1770.89,105.04,95.21,7.93,4.27,Bullish
2022-08-19,1761.71,104.42,93.96,8.03,4.27,Bearish
2022-08-22,1764.02,104.88,93.3,8.02,4.27,Bullish
2022-08-23,1782.12,104.65,93.55,7.97,4.25,Bearish
2022-08-24,1783.09,104.75,91.44,8.06,4.27,Neutral
2022-08-25,1750.93,104.8,94.16,8.02,4.24,Neutral
2022-08-26,1766.92,105.06,92.55,7.93,4.25,Bearish
2022-08-29,1768.97,104.24,91.37,8.08,4.26,Neutral
2022-08-30,1774.27,104.79,94.07,8.01,4.26,Bullish
2022-08-31,1761.59,103.49,93.73,7.99,4.25,Bearish
2022-09-01,1665.83,104.4,94.81,7.98,4.25,Bullish
2022-09-02,1664.04,104.75,92.51,7.92,4.24,Bullish
2022-09-05,1654.71,104.25,95.03,8.0,4.22,Neutral
2022-09-06,1658.57,104.46,95.55,7.96,4.28,Neutral
2022-09-07,1661.68,104.68,95.56,7.97,4.25,Neutral
2022-09-08,1651.55,104.36,92.52,8.05,4.28,Bearish
2022-09-09,1673.36,104.3,94.88,8.08,4.2,Bearish
2022-09-12,1656.06,105.03,92.83,8.02,4.25,Neutral
2022-09-13,1665.11,104.92,93.96,8.04,4.25,Bearish
2022-09-14,1651.64,104.49,93.25,8.04,4.25,Bearish
2022-09-15,1665.52,104.32,94.4,7.98,4.25,Bearish
2022-09-16,1657.25,104.35,92.82,7.9,4.24,Bearish
2022-09-19,1661.55,104.62,92.47,8.04,4.29,Neutral
2022-09-20,1669.34,104.21,93.23,7.86,4.27,Bullish
2022-09-21,1672.32,104.59,94.6,7.98,4.23,Bearish
2022-09-22,1663.28,104.39,94.14,8.02,4.25,Bullish
2022-09-23,1659.17,104.69,93.61,8.08,4.24,Neutral
2022-09-26,1649.83,104.35,95.08,8.0,4.26,Neutral
2022-09-27,1674.13,104.54,92.74,7.99,4.27,Bearish
2022-09-28,1658.65,104.37,94.47,7.99,4.24,Bearish
2022-09-29,1645.76,104.48,92.5,8.03,4.26,Bearish
2022-09-30,1653.51,104.65,93.11,8.04,4.25,Neutral
2022-10-03,1656.39,104.38,92.25,8.07,4.26,Bullish
2022-10-04,1660.29,104.28,90.6,8.07,4.27,Neutral
2022-10-05,1640.06,105.21,92.53,8.05,4.27,Bullish
2022-10-06,1652.95,104.95,92.95,7.96,4.27,Bullish
2022-10-07,1653.65,104.34,94.29,8.01,4.25,Neutral
2022-10-10,1654.06,103.91,93.41,7.93,4.26,Bullish
2022-10-11,1659.73,104.57,94.89,8.0,4.2,Bearish
2022-10-12,1648.87,105.63,92.42,8.0,4.25,Bullish
2022-10-13,1664.76,104.44,94.61,8.0,4.23,Bullish
2022-10-14,1649.49,103.9,95.51,7.98,4.22,Bullish
2022-10-17,1652.65,104.03,94.04,8.06,4.29,Neutral
2022-10-18,1650.8,104.2,93.87,8.03,4.25,Bullish
2022-10-19,1652.26,103.69,94.66,8.12,4.24,Neutral
2022-10-20,1647.81,105.26,94.1,7.95,4.27,Bullish
2022-10-21,1657.18,104.64,94.38,7.99,4.26,Neutral
2022-10-24,1658.45,103.74,93.48,8.09,4.23,Bearish
2022-10-25,1649.17,104.37,91.11,7.93,4.23,Neutral
2022-10-26,1652.84,104.52,95.23,7.99,4.24,Neutral
2022-10-27,1651.75,105.02,96.34,7.94,4.26,Bearish
2022-10-28,1639.85,104.65,93.54,8.01,4.25,Bullish
2022-10-31,1646.19,103.59,93.75,7.95,4.26,Bearish
2022-11-01,1732.56,104.37,93.38,8.04,4.25,Bullish
2022-11-02,1732.13,104.27,93.78,7.96,4.29,Neutral
2022-11-03,1729.64,103.85,96.27,7.99,4.26,Bullish
2022-11-04,1721.31,103.94,94.44,7.89,4.26,Bullish
2022-11-07,1731.66,105.34,93.83,8.03,4.25,Bearish
2022-11-08,1743.54,104.37,91.96,8.09,4.24,Neutral
2022-11-09,1725.72,104.46,97.72,7.99,4.26,Neutral
2022-11-10,1722.81,104.65,94.83,8.1,4.21,Neutral
2022-11-11,1709.57,104.36,97.24,7.99,4.27,Bullish
2022-11-14,1739.54,104.12,94.31,8.0,4.23,Bearish
2022-11-15,1721.48,104.57,92.5,7.99,4.25,Bearish
2022-11-16,1730.15,104.24,93.66,8.09,4.23,Bullish
2022-11-17,1729.28,105.04,93.72,7.99,4.23,Bullish
2022-11-18,1734.56,104.77,96.12,7.91,4.23,Bullish
2022-11-21,1730.87,104.02,92.21,7.89,4.26,Bearish
2022-11-22,1723.64,103.75,94.5,7.96,4.26,Bearish
2022-11-23,1716.95,103.78,91.33,7.97,4.24,Bearish
2022-11-24,1722.95,104.0,95.15,7.93,4.25,Bullish
2022-11-25,1722.74,104.22,93.22,7.98,4.24,Bullish
2022-11-28,1729.67,103.96,95.47,8.02,4.29,Bullish
2022-11-29,1721.46,104.63,91.12,8.07,4.26,Neutral
2022-11-30,1716.0,103.94,93.42,7.99,4.22,Bullish
2022-12-01,1800.18,104.79,92.32,7.92,4.26,Bearish
2022-12-02,1810.05,104.91,93.36,7.88,4.26,Bearish
2022-12-05,1800.78,104.92,92.93,7.98,4.25,Bearish
2022-12-06,1778.8,104.19,96.13,8.01,4.26,Neutral
2022-12-07,1800.12,104.14,94.96,7.91,4.26,Bearish
2022-12-08,1793.21,104.57,92.72,7.99,4.26,Bullish
2022-12-09,1807.38,104.57,95.42,8.02,4.23,Neutral
2022-12-12,1795.63,104.44,93.36,8.14,4.26,Neutral
2022-12-13,1811.82,103.87,95.49,8.11,4.22,Bullish
2022-12-14,1808.17,104.38,93.52,8.06,4.25,Neutral
2022-12-15,1797.19,104.97,92.0,7.93,4.25,Bullish
2022-12-16,1802.2,104.78,93.37,8.01,4.25,Bearish
2022-12-19,1798.43,105.32,93.02,8.11,4.25,Bearish
2022-12-20,1791.0,104.74,94.95,7.96,4.26,Neutral
2022-12-21,1809.81,104.5,94.82,7.89,4.26,Bullish
2022-12-22,1796.89,104.62,92.56,8.02,4.25,Neutral
2022-12-23,1794.01,105.15,96.39,8.02,4.28,Bearish
2022-12-26,1797.45,104.7,94.9,8.05,4.23,Bullish
2022-12-27,1808.91,104.57,95.38,7.94,4.26,Bullish
2022-12-28,1792.64,104.23,92.77,7.93,4.24,Bearish
2022-12-29,1811.12,104.17,93.93,8.02,4.25,Bullish
2022-12-30,1810.75,104.56,96.35,8.04,4.26,Bearish
2023-01-02,1888.0,103.16,79.99,3.39,5.24,Bullish
2023-01-03,1886.93,102.78,77.18,3.4,5.24,Bullish
2023-01-04,1872.93,102.83,77.6,3.36,5.22,Bullish
2023-01-05,1886.55,102.71,77.18,3.43,5.26,Neutral
2023-01-06,1893.63,103.49,79.64,3.38,5.25,Neutral
2023-01-09,1882.67,102.1,77.01,3.44,5.22,Bearish
2023-01-10,1883.09,103.34,77.41,3.48,5.25,Bearish
2023-01-11,1894.21,103.62,77.58,3.52,5.26,Bearish
2023-01-12,1887.44,102.89,76.0,3.45,5.27,Bullish
2023-01-13,1882.02,102.86,77.64,3.43,5.25,Bearish
2023-01-16,1899.66,102.69,75.47,3.36,5.22,Bullish
2023-01-17,1896.69,103.02,76.43,3.41,5.28,Neutral
2023-01-18,1885.24,102.87,76.63,3.32,5.26,Bearish
2023-01-19,1885.68,103.16,77.29,3.44,5.25,Bearish
2023-01-20,1876.85,103.03,77.28,3.36,5.24,Bearish
2023-01-23,1887.84,103.2,76.13,3.38,5.21,Bearish
2023-01-24,1890.27,102.71,78.25,3.34,5.26,Bullish
2023-01-25,1879.02,102.39,76.46,3.36,5.27,Neutral
2023-01-26,1885.08,103.06,76.09,3.41,5.28,Bearish
2023-01-27,1879.78,102.42,77.99,3.36,5.24,Neutral
2023-01-30,1900.95,103.01,76.04,3.34,5.27,Neutral
2023-01-31,1881.43,101.87,78.39,3.29,5.25,Neutral
2023-02-01,1859.51,102.85,75.23,3.41,5.29,Neutral
2023-02-02,1851.93,102.8,76.26,3.36,5.24,Bullish
2023-02-03,1864.8,103.18,76.81,3.35,5.25,Bullish
2023-02-06,1846.48,102.22,78.07,3.33,5.21,Neutral
2023-02-07,1868.09,102.94,76.81,3.42,5.23,Bullish
2023-02-08,1860.06,102.46,76.53,3.51,5.23,Bearish
2023-02-09,1866.71,102.88,74.92,3.5,5.25,Neutral
2023-02-10,1853.01,103.45,77.46,3.35,5.25,Bullish
2023-02-13,1867.66,102.57,76.19,3.45,5.2,Bearish
2023-02-14,1857.8,102.8,76.55,3.33,5.27,Neutral
2023-02-15,1854.58,102.56,79.75,3.49,5.23,Bearish
2023-02-16,1871.66,103.86,74.77,3.37,5.26,Bullish
2023-02-17,1851.85,102.34,77.01,3.34,5.24,Bearish
2023-02-20,1869.96,103.19,77.95,3.31,5.25,Neutral
2023-02-21,1847.59,103.16,78.0,3.37,5.26,Bullish
2023-02-22,1856.09,103.42,76.97,3.45,5.2,Bullish
2023-02-23,1852.95,103.14,76.74,3.35,5.28,Bullish
2023-02-24,1866.43,103.26,76.46,3.42,5.26,Bullish
2023-02-27,1863.3,103.26,74.97,3.45,5.24,Bearish
2023-02-28,1856.14,102.28,78.31,3.29,5.24,Bearish
2023-03-01,1967.97,102.87,78.7,3.44,5.25,Neutral
2023-03-02,1978.47,103.06,76.23,3.5,5.26,Neutral
2023-03-03,1973.1,103.3,76.89,3.35,5.24,Bullish
2023-03-06,1976.68,102.97,76.45,3.35,5.26,Neutral
2023-03-07,1966.33,103.02,77.14,3.41,5.27,Bullish
2023-03-08,1984.15,103.27,75.77,3.38,5.22,Neutral
2023-03-09,1974.07,103.59,77.61,3.42,5.23,Bullish
2023-03-10,1981.43,102.71,76.58,3.36,5.24,Bearish
2023-03-13,1983.67,103.45,74.66,3.45,5.23,Bearish
2023-03-14,1982.86,103.83,76.06,3.43,5.23,Neutral
2023-03-15,1994.6,102.79,78.15,3.39,5.27,Neutral
2023-03-16,1975.94,102.43,76.43,3.46,5.24,Bullish
2023-03-17,1987.14,103.04,78.58,3.33,5.24,Neutral
2023-03-20,1973.69,102.89,76.41,3.38,5.27,Neutral
2023-03-21,1968.59,102.95,76.83,3.39,5.25,Neutral
2023-03-22,1976.61,102.34,75.76,3.39,5.22,Bearish
2023-03-23,1965.17,103.29,74.51,3.39,5.29,Bearish
2023-03-24,1963.64,103.63,76.31,3.45,5.26,Bullish
2023-03-27,1987.12,103.71,76.7,3.28,5.23,Bullish
2023-03-28,1972.59,103.13,76.19,3.42,5.25,Neutral
2023-03-29,1974.63,103.44,77.43,3.4,5.27,Bullish
2023-03-30,1976.58,102.9,75.4,3.46,5.26,Neutral
2023-03-31,1971.88,102.95,77.53,3.46,5.25,Neutral
2023-04-03,1983.62,103.0,78.88,3.35,5.28,Bullish
2023-04-04,1987.78,103.32,77.14,3.34,5.27,Bullish
2023-04-05,1983.53,102.48,78.11,3.44,5.24,Bearish
2023-04-06,1994.34,103.12,76.47,3.41,5.26,Bearish
2023-04-07,1994.21,102.74,76.56,3.45,5.28,Bullish
2023-04-10,1998.93,102.91,75.64,3.36,5.28,Bullish
2023-04-11,1996.1,103.23,75.97,3.33,5.22,Neutral
2023-04-12,1989.97,101.95,75.22,3.33,5.25,Bearish
2023-04-13,1992.39,103.21,76.4,3.4,5.28,Bullish
2023-04-14,1983.93,103.36,77.94,3.36,5.23,Bullish
2023-04-17,1991.31,103.01,77.88,3.45,5.24,Bullish
2023-04-18,1986.21,102.75,75.19,3.35,5.23,Bearish
2023-04-19,2002.97,103.26,76.83,3.48,5.23,Bullish
2023-04-20,1988.2,102.81,77.64,3.37,5.25,Bullish
2023-04-21,1992.48,104.14,77.36,3.34,5.23,Neutral
2023-04-24,1993.05,103.12,77.83,3.3,5.23,Bearish
2023-04-25,1992.34,102.43,77.15,3.47,5.25,Bearish
2023-04-26,1995.86,102.64,78.15,3.43,5.23,Neutral
2023-04-27,1998.05,102.3,75.89,3.34,5.26,Bearish
2023-04-28,2003.52,102.9,78.52,3.42,5.23,Bearish
2023-05-01,1989.4,102.58,78.55,3.43,5.3,Neutral
2023-05-02,1956.37,103.14,76.58,3.4,5.24,Bearish
2023-05-03,1984.46,102.92,78.4,3.43,5.25,Bearish
2023-05-04,1982.63,103.18,78.85,3.46,5.24,Neutral
2023-05-05,1984.56,102.79,76.41,3.35,5.21,Bearish
2023-05-08,1963.99,102.93,77.1,3.38,5.22,Neutral
2023-05-09,1971.46,103.25,77.51,3.34,5.25,Bearish
2023-05-10,1975.76,102.44,76.87,3.46,5.26,Neutral
2023-05-11,1989.22,103.57,76.59,3.43,5.25,Bearish
2023-05-12,1989.8,102.92,77.26,3.46,5.25,Neutral
2023-05-15,1967.43,103.29,77.71,3.4,5.24,Bearish
2023-05-16,1979.27,103.46,76.27,3.35,5.26,Bullish
2023-05-17,1963.66,103.15,76.51,3.38,5.24,Bearish
2023-05-18,1990.75,103.04,78.72,3.39,5.23,Bullish
2023-05-19,1980.15,102.19,75.51,3.43,5.28,Bullish
2023-05-22,1973.97,102.76,74.88,3.49,5.22,Bearish
2023-05-23,1978.47,102.82,77.78,3.42,5.25,Bullish
2023-05-24,1971.52,103.08,76.06,3.41,5.26,Bearish
2023-05-25,1985.7,103.45,76.81,3.4,5.26,Neutral
2023-05-26,1986.72,103.95,75.27,3.39,5.2,Bearish
2023-05-29,1979.54,102.56,76.83,3.48,5.26,Bullish
2023-05-30,1965.45,103.18,76.53,3.36,5.23,Bullish
2023-05-31,1974.85,102.73,77.16,3.38,5.22,Bullish
2023-06-01,1921.21,103.72,75.98,3.37,5.23,Bullish
2023-06-02,1944.39,103.25,79.17,3.43,5.27,Bullish
2023-06-05,1925.64,103.73,75.48,3.48,5.25,Neutral
2023-06-06,1932.39,102.89,77.58,3.38,5.22,Bearish
2023-06-07,1924.24,102.63,75.5,3.39,5.26,Bullish
2023-06-08,1935.62,103.53,78.54,3.41,5.25,Neutral
2023-06-09,1937.49,103.31,77.04,3.36,5.24,Neutral
2023-06-12,1925.6,102.96,75.67,3.34,5.25,Bullish
2023-06-13,1915.96,102.72,77.57,3.36,5.25,Bullish
2023-06-14,1933.73,103.52,78.12,3.34,5.27,Bullish
2023-06-15,1939.53,102.94,74.34,3.33,5.25,Bearish
2023-06-16,1920.7,102.98,76.53,3.43,5.27,Bearish
2023-06-19,1941.47,103.11,74.64,3.42,5.27,Bearish
2023-06-20,1929.35,103.41,77.71,3.35,5.28,Bearish
2023-06-21,1926.01,103.48,76.03,3.39,5.23,Bearish
2023-06-22,1944.27,102.81,77.23,3.47,5.26,Neutral
2023-06-23,1936.49,103.13,80.52,3.35,5.22,Bullish
2023-06-26,1926.86,102.4,76.04,3.43,5.24,Bullish
2023-06-27,1922.36,103.21,76.39,3.39,5.27,Neutral
2023-06-28,1923.87,102.92,75.19,3.45,5.25,Neutral
2023-06-29,1946.51,103.06,77.98,3.39,5.26,Bearish
2023-06-30,1943.34,103.12,74.42,3.35,5.29,Neutral
2023-07-03,1953.74,103.01,74.34,3.34,5.23,Bearish
2023-07-04,1960.58,102.91,78.19,3.39,5.24,Neutral
2023-07-05,1963.62,103.0,77.07,3.39,5.26,Bullish
2023-07-06,1950.63,103.45,78.44,3.32,5.24,Neutral
2023-07-07,1952.4,103.56,78.85,3.48,5.24,Bullish
2023-07-10,1963.85,103.11,74.95,3.3,5.21,Bullish
2023-07-11,1946.72,103.28,76.55,3.33,5.26,Bullish
2023-07-12,1942.53,103.68,74.21,3.38,5.24,Neutral
2023-07-13,1938.28,102.41,77.0,3.37,5.29,Neutral
2023-07-14,1968.67,102.78,76.14,3.4,5.23,Bullish
2023-07-17,1952.62,102.83,77.53,3.36,5.23,Bullish
2023-07-18,1954.87,102.81,77.55,3.32,5.27,Bearish
2023-07-19,1949.38,102.9,76.24,3.37,5.29,Bullish
2023-07-20,1947.19,103.0,76.63,3.42,5.25,Bearish
2023-07-21,1974.24,102.6,75.66,3.36,5.25,Neutral
2023-07-24,1940.19,102.69,77.01,3.44,5.26,Bullish
2023-07-25,1947.39,103.74,79.32,3.41,5.25,Bullish
2023-07-26,1962.25,102.69,77.85,3.45,5.24,Neutral
2023-07-27,1943.2,102.82,75.38,3.36,5.26,Bullish
2023-07-28,1948.13,102.12,75.94,3.4,5.25,Bullish
2023-07-31,1955.44,102.67,75.23,3.49,5.24,Bearish
2023-08-01,1939.23,102.52,77.02,3.41,5.23,Bullish
2023-08-02,1934.34,102.78,76.14,3.34,5.25,Bullish
2023-08-03,1928.2,103.11,79.45,3.43,5.26,Bullish
2023-08-04,1930.69,102.86,75.97,3.36,5.21,Neutral
2023-08-07,1950.71,103.29,76.13,3.35,5.24,Neutral
2023-08-08,1948.55,102.49,75.69,3.53,5.29,Bullish
2023-08-09,1939.75,103.29,77.36,3.38,5.28,Bearish
2023-08-10,1940.17,102.55,76.92,3.35,5.23,Bearish
2023-08-11,1946.83,102.89,78.38,3.39,5.24,Bearish
2023-08-14,1936.57,103.39,78.56,3.45,5.21,Bearish
2023-08-15,1948.67,102.74,76.71,3.45,5.22,Bullish
2023-08-16,1928.28,102.73,75.8,3.31,5.25,Neutral
2023-08-17,1954.45,103.0,76.29,3.44,5.25,Bullish
2023-08-18,1948.93,103.09,77.6,3.38,5.25,Bearish
2023-08-21,1944.3,102.81,76.96,3.39,5.29,Bullish
2023-08-22,1955.3,103.47,78.62,3.4,5.26,Bullish
2023-08-23,1948.02,102.71,79.05,3.5,5.27,Bullish
2023-08-24,1937.78,102.73,75.5,3.37,5.22,Bullish
2023-08-25,1956.73,103.4,76.31,3.46,5.27,Bearish
2023-08-28,1934.95,102.88,77.92,3.37,5.25,Bullish
2023-08-29,1943.19,102.83,75.99,3.36,5.25,Neutral
2023-08-30,1945.72,102.91,77.85,3.44,5.28,Bearish
2023-08-31,1950.83,103.35,79.5,3.42,5.26,Bullish
2023-09-01,1915.72,102.66,78.55,3.4,5.29,Bearish
2023-09-04,1903.0,103.04,76.48,3.38,5.26,Bearish
2023-09-05,1906.74,103.13,75.36,3.37,5.26,Bearish
2023-09-06,1908.14,102.72,77.29,3.39,5.27,Bullish
2023-09-07,1897.71,102.69,77.92,3.38,5.26,Bullish
2023-09-08,1903.82,102.24,77.92,3.46,5.22,Neutral
2023-09-11,1924.4,103.13,77.17,3.31,5.24,Bearish
2023-09-12,1915.78,103.39,79.08,3.42,5.28,Bullish
2023-09-13,1917.89,102.62,76.54,3.39,5.28,Bullish
2023-09-14,1899.35,103.35,78.61,3.46,5.23,Bearish
2023-09-15,1922.41,103.82,77.67,3.39,5.26,Bullish
2023-09-18,1925.95,102.76,75.67,3.31,5.25,Bearish
2023-09-19,1916.42,103.35,76.43,3.48,5.22,Bullish
2023-09-20,1925.53,102.97,80.27,3.32,5.26,Bullish
2023-09-21,1914.24,102.95,77.12,3.39,5.26,Bearish
2023-09-22,1912.9,103.07,74.68,3.45,5.21,Bullish
2023-09-25,1926.51,102.62,78.27,3.38,5.29,Bullish
2023-09-26,1913.08,103.19,77.84,3.38,5.24,Bullish
2023-09-27,1912.18,102.98,78.61,3.3,5.25,Neutral
2023-09-28,1921.0,102.78,77.07,3.44,5.21,Neutral
2023-09-29,1912.88,103.21,76.22,3.37,5.24,Bearish
2023-10-02,1988.82,102.34,76.71,3.37,5.25,Bullish
2023-10-03,1980.48,103.19,77.71,3.27,5.28,Neutral
2023-10-04,1972.1,103.31,78.12,3.37,5.23,Bearish
2023-10-05,1987.34,102.69,75.97,3.38,5.26,Bullish
2023-10-06,1977.54,102.52,79.39,3.4,5.23,Neutral
2023-10-09,1986.68,103.02,76.42,3.39,5.25,Bearish
2023-10-10,1982.83,102.74,78.27,3.37,5.26,Bullish
2023-10-11,1980.52,102.86,77.88,3.35,5.25,Bearish
2023-10-12,1983.49,102.21,76.47,3.52,5.24,Neutral
2023-10-13,1977.34,103.4,77.9,3.41,5.26,Bearish
2023-10-16,1977.17,103.63,77.91,3.41,5.28,Bullish
2023-10-17,1980.25,103.6,75.48,3.46,5.3,Bearish
2023-10-18,1974.98,103.7,77.1,3.31,5.23,Bearish
2023-10-19,1986.85,102.09,76.76,3.56,5.25,Bullish
2023-10-20,1969.03,103.66,78.29,3.44,5.25,Bearish
2023-10-23,1972.97,103.51,76.69,3.41,5.23,Bullish
2023-10-24,1970.02,102.92,76.58,3.37,5.24,Neutral
2023-10-25,1977.06,103.01,74.7,3.33,5.26,Neutral
2023-10-26,1972.1,103.39,78.12,3.42,5.26,Bullish
2023-10-27,1983.75,103.73,76.9,3.43,5.24,Neutral
2023-10-30,1997.62,103.0,76.02,3.45,5.26,Bearish
2023-10-31,1976.82,102.74,78.05,3.4,5.25,Bearish
2023-11-01,1980.33,103.19,76.66,3.39,5.26,Neutral
2023-11-02,1998.49,102.72,75.73,3.4,5.25,Neutral
2023-11-03,1993.16,102.97,76.97,3.4,5.23,Bearish
2023-11-06,1997.0,102.58,78.29,3.45,5.27,Bearish
2023-11-07,1986.88,102.44,76.72,3.39,5.25,Bearish
2023-11-08,1980.4,102.58,76.14,3.46,5.24,Neutral
2023-11-09,1982.88,102.95,75.71,3.5,5.25,Bearish
2023-11-10,1978.6,102.61,76.46,3.36,5.25,Bearish
2023-11-13,1971.43,103.59,76.05,3.34,5.23,Bearish
2023-11-14,1992.08,102.95,76.45,3.41,5.26,Bearish
2023-11-15,1992.66,102.85,78.46,3.4,5.22,Bearish
2023-11-16,2005.95,103.56,77.29,3.42,5.25,Neutral
2023-11-17,1973.1,103.67,77.04,3.38,5.24,Neutral
2023-11-20,1983.39,102.59,76.01,3.34,5.23,Bearish
2023-11-21,1998.36,103.58,75.48,3.36,5.26,Neutral
2023-11-22,1977.47,103.78,76.09,3.43,5.27,Bearish
2023-11-23,1982.56,102.87,78.83,3.36,5.28,Bullish
2023-11-24,1988.67,103.02,76.53,3.3,5.26,Neutral
2023-11-27,2002.78,103.15,78.08,3.44,5.24,Bullish
2023-11-28,1984.47,103.13,77.53,3.44,5.28,Bearish
2023-11-29,1987.62,102.75,75.94,3.56,5.26,Neutral
2023-11-30,1990.05,103.55,76.24,3.43,5.25,Bearish
2023-12-01,2061.53,103.39,76.72,3.43,5.22,Bullish
2023-12-04,2071.42,103.04,76.73,3.42,5.3,Neutral
2023-12-05,2048.89,102.69,78.72,3.36,5.19,Bullish
2023-12-06,2053.93,103.41,74.85,3.43,5.24,Bullish
2023-12-07,2053.63,102.44,77.19,3.34,5.25,Bearish
2023-12-08,2059.39,103.12,76.07,3.4,5.22,Bearish
2023-12-11,2068.05,103.32,77.04,3.51,5.28,Bearish
2023-12-12,2069.21,102.81,78.48,3.39,5.24,Neutral
2023-12-13,2066.8,102.59,75.73,3.45,5.23,Bullish
2023-12-14,2058.07,102.46,76.27,3.4,5.23,Bearish
2023-12-15,2053.79,102.6,77.43,3.42,5.24,Bullish
2023-12-18,2070.59,102.88,75.52,3.46,5.25,Neutral
2023-12-19,2076.84,103.01,78.07,3.37,5.21,Bearish
2023-12-20,2061.2,103.12,76.33,3.38,5.24,Bearish
2023-12-21,2057.98,103.01,74.27,3.39,5.24,Bullish
2023-12-22,2058.87,103.85,73.67,3.39,5.28,Bearish
2023-12-25,2063.97,102.93,77.78,3.36,5.25,Bearish
2023-12-26,2056.6,102.8,79.09,3.52,5.25,Bearish
2023-12-27,2059.28,102.95,75.36,3.41,5.29,Bullish
2023-12-28,2070.88,102.37,77.21,3.42,5.25,Neutral
2023-12-29,2056.67,102.93,77.71,3.39,5.27,Bearish
2024-01-01,2044.09,104.25,78.11,2.88,5.24,Bullish
2024-01-02,2025.39,103.18,77.54,2.9,5.24,Neutral
2024-01-03,2040.36,104.54,79.27,2.92,5.25,Bearish
2024-01-04,2026.15,104.47,78.37,2.91,5.24,Bearish
2024-01-05,2021.8,103.54,79.03,2.91,5.28,Bearish
2024-01-08,2033.88,103.94,77.37,2.96,5.23,Neutral
2024-01-09,2036.9,103.31,77.57,2.84,5.27,Bearish
2024-01-10,2029.33,104.15,77.29,2.83,5.24,Bullish
2024-01-11,2016.78,103.99,77.33,2.83,5.27,Neutral
2024-01-12,2039.34,103.42,77.96,2.94,5.27,Bullish
2024-01-15,2037.17,104.07,76.98,2.93,5.23,Bullish
2024-01-16,2033.18,103.73,79.72,2.95,5.22,Neutral
2024-01-17,2032.97,103.8,78.58,2.86,5.26,Bullish
2024-01-18,2028.15,103.98,77.59,2.9,5.24,Bearish
2024-01-19,2027.54,103.84,79.81,2.85,5.25,Bearish
2024-01-22,2045.96,103.74,76.91,2.88,5.24,Bullish
2024-01-23,2055.78,104.34,79.32,2.92,5.22,Bullish
2024-01-24,2037.16,104.28,76.84,2.89,5.28,Bearish
2024-01-25,2025.22,103.86,79.72,2.81,5.21,Bearish
2024-01-26,2034.72,104.09,79.56,2.81,5.24,Bullish
2024-01-29,2042.83,103.85,77.92,2.92,5.27,Bearish
2024-01-30,2031.33,103.39,78.35,2.91,5.28,Neutral
2024-01-31,2028.62,104.27,79.07,2.93,5.23,Bullish
2024-02-01,2042.13,103.18,77.18,2.83,5.25,Neutral
2024-02-02,2039.29,103.7,77.74,2.72,5.24,Bullish
2024-02-05,2038.99,104.38,78.91,2.99,5.24,Neutral
2024-02-06,2042.0,104.22,77.72,2.89,5.26,Bearish
2024-02-07,2041.22,104.28,78.97,2.98,5.27,Bullish
2024-02-08,2054.25,103.44,78.53,2.94,5.27,Neutral
2024-02-09,2037.09,103.92,78.66,2.9,5.23,Neutral
2024-02-12,2040.19,103.65,78.4,2.83,5.25,Bearish
2024-02-13,2048.67,104.22,77.21,2.85,5.24,Bearish
2024-02-14,2044.62,104.58,78.2,2.9,5.28,Bullish
2024-02-15,2034.55,104.63,76.96,2.9,5.26,Neutral
2024-02-16,2042.77,104.0,78.14,2.82,5.3,Neutral
2024-02-19,2050.16,103.58,80.16,2.88,5.24,Bearish
2024-02-20,2057.35,104.12,78.88,2.97,5.25,Bullish
2024-02-21,2048.54,103.79,78.84,2.94,5.28,Bearish
2024-02-22,2034.74,103.48,79.58,2.94,5.23,Bearish
2024-02-23,2050.86,103.95,79.75,2.98,5.25,Bearish
2024-02-26,2053.13,103.92,77.65,2.92,5.27,Neutral
2024-02-27,2050.82,103.75,78.42,2.96,5.24,Bullish
2024-02-28,2046.86,105.04,78.23,2.9,5.25,Neutral
2024-02-29,2040.9,103.67,77.96,2.8,5.26,Bullish
2024-03-01,2178.59,104.48,76.39,2.88,5.25,Bullish
2024-03-04,2163.33,104.18,76.41,2.97,5.23,Bearish
2024-03-05,2191.11,103.23,78.69,2.89,5.25,Neutral
2024-03-06,2174.81,103.79,78.6,2.95,5.23,Bullish
2024-03-07,2182.79,104.34,77.41,2.91,5.27,Neutral
2024-03-08,2187.32,103.59,77.56,2.94,5.25,Bullish
2024-03-11,2183.14,103.89,78.26,2.86,5.26,Bullish
2024-03-12,2177.38,103.33,77.4,2.91,5.27,Bearish
2024-03-13,2170.87,104.03,77.22,2.88,5.29,Neutral
2024-03-14,2175.54,103.49,79.16,2.86,5.23,Bullish
2024-03-15,2155.2,104.22,80.47,2.91,5.22,Bullish
2024-03-18,2172.86,104.51,77.05,2.94,5.27,Bullish
2024-03-19,2190.21,104.76,81.44,2.85,5.31,Neutral
2024-03-20,2175.17,104.12,77.44,2.9,5.24,Bullish
2024-03-21,2188.28,103.98,78.17,2.92,5.27,Bullish
2024-03-22,2164.76,103.24,78.76,2.89,5.28,Bullish
2024-03-25,2188.64,103.95,76.39,2.88,5.22,Bullish
2024-03-26,2169.0,103.79,80.89,2.96,5.26,Neutral
2024-03-27,2180.68,104.23,77.75,2.93,5.24,Bullish
2024-03-28,2178.02,103.85,77.71,2.86,5.24,Bullish
2024-03-29,2172.49,104.19,79.57,2.96,5.22,Neutral
2024-04-01,2312.31,104.21,75.9,2.88,5.24,Bearish
2024-04-02,2306.87,104.54,77.79,2.97,5.25,Bearish
2024-04-03,2308.8,102.92,76.59,2.91,5.28,Bullish
2024-04-04,2290.45,104.18,78.49,2.85,5.27,Bearish
2024-04-05,2308.44,104.2,79.38,2.86,5.24,Bearish
2024-04-08,2312.82,104.84,77.95,3.01,5.25,Neutral
2024-04-09,2298.96,104.6,77.42,2.86,5.24,Bullish
2024-04-10,2310.24,103.85,77.51,2.96,5.28,Bullish
2024-04-11,2307.16,104.07,78.05,2.96,5.23,Bullish
2024-04-12,2302.68,103.31,76.89,2.87,5.25,Bullish
2024-04-15,2317.11,103.68,78.27,2.92,5.24,Neutral
2024-04-16,2311.67,103.99,79.97,2.95,5.24,Bullish
2024-04-17,2319.68,104.35,80.31,2.88,5.25,Bearish
2024-04-18,2300.62,104.29,79.53,2.93,5.25,Neutral
2024-04-19,2313.98,104.36,77.7,2.86,5.23,Bullish
2024-04-22,2298.98,104.54,77.12,2.86,5.29,Bearish
2024-04-23,2309.82,104.3,77.76,2.89,5.23,Bullish
2024-04-24,2276.89,103.95,76.63,2.9,5.22,Bullish
2024-04-25,2302.66,104.77,76.68,2.95,5.27,Bearish
2024-04-26,2289.58,103.44,77.9,3.01,5.25,Bearish
2024-04-29,2300.53,103.9,78.44,2.91,5.26,Neutral
2024-04-30,2296.97,103.72,76.45,2.9,5.23,Bullish
2024-05-01,2330.58,104.25,77.25,2.91,5.25,Bullish
2024-05-02,2341.46,103.6,78.13,2.91,5.22,Bearish
2024-05-03,2347.97,104.11,77.26,2.99,5.26,Neutral
2024-05-06,2335.05,103.68,75.51,2.91,5.25,Neutral
2024-05-07,2349.09,104.58,78.51,2.95,5.24,Bullish
2024-05-08,2328.33,104.09,75.62,2.89,5.26,Neutral
2024-05-09,2335.83,104.26,77.82,2.9,5.25,Bearish
2024-05-10,2349.23,104.47,78.52,2.91,5.2,Bullish
2024-05-13,2334.57,103.13,76.91,2.92,5.25,Bullish
2024-05-14,2339.69,104.33,79.33,2.92,5.23,Bearish
2024-05-15,2324.54,104.27,77.77,2.89,5.23,Bullish
2024-05-16,2331.89,104.14,77.72,2.9,5.27,Bearish
2024-05-17,2330.56,103.83,77.84,2.89,5.25,Neutral
2024-05-20,2347.03,103.62,77.78,2.91,5.24,Neutral
2024-05-21,2344.68,104.04,77.74,2.81,5.3,Bullish
2024-05-22,2332.73,104.24,76.06,2.92,5.24,Bearish
2024-05-23,2334.13,103.98,76.1,2.92,5.26,Bearish
2024-05-24,2342.11,103.78,78.56,2.87,5.24,Bullish
2024-05-27,2327.84,103.56,78.24,2.93,5.26,Bearish
2024-05-28,2346.33,103.99,75.88,3.05,5.28,Bullish
2024-05-29,2345.78,103.9,79.53,2.86,5.25,Bearish
2024-05-30,2336.23,104.45,79.92,2.98,5.27,Bearish
2024-05-31,2337.98,104.04,77.99,2.83,5.25,Bearish
2024-06-03,2334.46,104.25,78.82,2.95,5.26,Neutral
2024-06-04,2326.72,103.87,77.69,3.0,5.26,Bearish
2024-06-05,2347.65,104.03,73.4,2.96,5.24,Bullish
2024-06-06,2323.59,103.81,77.15,2.99,5.28,Bullish
2024-06-07,2334.98,104.26,77.06,2.85,5.24,Bearish
2024-06-10,2331.92,103.47,78.3,3.01,5.23,Bullish
2024-06-11,2334.36,104.18,79.11,2.88,5.24,Neutral
2024-06-12,2347.49,103.44,76.93,2.74,5.25,Bullish
2024-06-13,2338.45,104.32,79.1,2.85,5.28,Bearish
2024-06-14,2322.28,103.35,77.68,2.89,5.25,Bearish
2024-06-17,2357.02,104.27,77.51,2.85,5.21,Neutral
2024-06-18,2321.8,105.04,79.04,2.92,5.26,Bullish
2024-06-19,2325.85,104.69,77.77,2.9,5.21,Bullish
2024-06-20,2328.44,104.41,78.9,2.91,5.26,Bullish
2024-06-21,2325.74,103.84,76.65,2.92,5.3,Bullish
2024-06-24,2336.25,104.41,77.24,2.82,5.21,Bearish
2024-06-25,2321.97,104.38,78.18,2.85,5.24,Bearish
2024-06-26,2314.75,104.95,77.86,2.98,5.26,Neutral
2024-06-27,2345.79,104.15,77.78,2.95,5.28,Bearish
2024-06-28,2326.16,104.05,77.29,2.81,5.23,Bullish
2024-07-01,2418.78,105.08,78.29,2.86,5.27,Neutral
2024-07-02,2432.15,104.22,77.87,2.88,5.26,Bullish
2024-07-03,2409.92,103.47,80.17,2.98,5.25,Bullish
2024-07-04,2439.3,103.83,78.97,2.94,5.26,Bearish
2024-07-05,2427.2,104.28,79.24,2.92,5.23,Neutral
2024-07-08,2415.18,103.86,79.46,2.9,5.26,Bearish
2024-07-09,2410.08,104.13,77.55,2.92,5.26,Bearish
2024-07-10,2436.27,104.24,77.5,2.92,5.29,Bearish
2024-07-11,2425.55,103.64,77.32,2.87,5.26,Bearish
2024-07-12,2428.06,104.24,76.61,2.92,5.26,Neutral
2024-07-15,2439.01,104.09,77.54,2.85,5.25,Neutral
2024-07-16,2406.47,103.81,76.72,2.94,5.22,Neutral
2024-07-17,2426.81,104.12,78.11,2.96,5.25,Bearish
2024-07-18,2414.33,103.67,78.86,2.83,5.22,Neutral
2024-07-19,2438.59,103.86,77.0,2.94,5.27,Bearish
2024-07-22,2427.35,104.18,78.22,2.92,5.26,Bearish
2024-07-23,2431.0,103.93,79.62,2.78,5.29,Bearish
2024-07-24,2412.35,104.85,76.41,2.94,5.23,Bullish
2024-07-25,2425.48,104.04,77.34,2.87,5.26,Bullish
2024-07-26,2433.55,103.92,75.82,2.88,5.28,Bullish
2024-07-29,2419.87,103.97,77.24,2.94,5.24,Neutral
2024-07-30,2427.2,104.09,77.79,2.99,5.25,Bullish
2024-07-31,2424.11,103.48,78.23,2.86,5.26,Bearish
2024-08-01,2520.68,104.06,76.8,2.91,5.25,Neutral
2024-08-02,2495.91,103.75,76.68,2.94,5.27,Bearish
2024-08-05,2503.19,103.35,76.39,2.84,5.25,Bearish
2024-08-06,2510.91,103.85,78.72,2.97,5.23,Neutral
2024-08-07,2498.47,103.38,77.91,2.88,5.24,Neutral
2024-08-08,2504.22,103.38,80.66,2.83,5.24,Bearish
2024-08-09,2502.74,104.46,80.51,2.85,5.26,Bearish
2024-08-12,2507.57,103.71,79.52,2.85,5.25,Neutral
2024-08-13,2498.56,104.27,77.24,2.96,5.29,Bullish
2024-08-14,2523.04,103.82,80.27,2.89,5.22,Bullish
2024-08-15,2500.55,104.31,78.79,2.94,5.25,Neutral
2024-08-16,2499.54,104.09,76.89,2.96,5.24,Neutral
2024-08-19,2512.03,103.94,77.79,2.85,5.22,Bullish
2024-08-20,2500.41,104.08,79.21,2.88,5.23,Neutral
2024-08-21,2491.46,104.69,79.37,2.88,5.26,Neutral
2024-08-22,2508.11,104.68,78.4,2.93,5.24,Bearish
2024-08-23,2492.1,104.16,77.12,2.88,5.25,Neutral
2024-08-26,2503.65,104.47,77.48,2.88,5.22,Bearish
2024-08-27,2497.06,104.03,78.56,2.92,5.27,Bearish
2024-08-28,2502.25,104.47,77.52,2.94,5.27,Neutral
2024-08-29,2504.67,104.0,77.19,2.97,5.22,Neutral
2024-08-30,2506.57,103.31,77.14,2.92,5.26,Neutral
2024-09-02,2549.72,103.7,77.63,2.86,5.25,Neutral
2024-09-03,2521.95,104.17,78.21,2.87,5.22,Neutral
2024-09-04,2545.04,103.81,75.79,2.85,5.25,Neutral
2024-09-05,2534.4,103.92,79.75,2.82,5.29,Bullish
2024-09-06,2541.09,104.34,77.31,2.96,5.22,Bullish
2024-09-09,2536.93,103.7,81.1,2.92,5.26,Bearish
2024-09-10,2549.1,103.7,75.01,2.96,5.24,Bullish
2024-09-11,2541.75,103.93,77.99,2.85,5.22,Neutral
2024-09-12,2545.81,103.33,79.1,2.93,5.24,Bearish
2024-09-13,2548.18,104.08,77.59,2.95,5.26,Bearish
2024-09-16,2534.52,104.02,77.77,2.84,5.27,Bullish
2024-09-17,2550.2,103.55,78.61,2.87,5.28,Bearish
2024-09-18,2533.84,103.82,79.01,2.81,5.31,Bullish
2024-09-19,2541.98,103.55,76.69,2.93,5.26,Bullish
2024-09-20,2538.9,104.48,79.01,2.94,5.25,Neutral
2024-09-23,2558.45,103.44,78.96,2.98,5.24,Bullish
2024-09-24,2546.88,104.46,79.53,2.95,5.26,Bearish
2024-09-25,2537.26,104.36,78.25,2.92,5.26,Bearish
2024-09-26,2527.16,104.11,76.74,2.88,5.25,Neutral
2024-09-27,2546.97,104.13,76.65,2.97,5.29,Neutral
2024-09-30,2541.18,104.22,77.57,2.91,5.26,Neutral
2024-10-01,2740.24,103.95,77.96,2.95,5.3,Bullish
2024-10-02,2724.8,104.51,77.86,2.94,5.26,Neutral
2024-10-03,2724.45,104.26,80.09,2.93,5.25,Bullish
2024-10-04,2739.27,103.44,75.95,2.92,5.23,Neutral
2024-10-07,2741.15,104.06,78.63,2.86,5.24,Neutral
2024-10-08,2737.54,104.05,75.48,2.81,5.25,Neutral
2024-10-09,2732.39,103.95,78.35,2.81,5.22,Bullish
2024-10-10,2730.9,103.57,76.15,2.97,5.27,Bullish
2024-10-11,2737.05,104.35,80.46,2.87,5.25,Bearish
2024-10-14,2733.82,104.46,76.73,2.93,5.27,Neutral
2024-10-15,2740.95,103.85,77.21,2.96,5.24,Neutral
2024-10-16,2738.35,103.26,78.34,2.96,5.28,Bullish
2024-10-17,2735.49,103.82,79.22,2.91,5.25,Neutral
2024-10-18,2742.24,104.64,77.53,2.87,5.23,Bearish
2024-10-21,2733.25,104.46,79.39,2.89,5.24,Bullish
2024-10-22,2743.65,104.26,80.23,2.88,5.23,Neutral
2024-10-23,2741.43,103.72,75.46,2.88,5.25,Bullish
2024-10-24,2733.79,104.48,77.64,2.92,5.25,Bullish
2024-10-25,2746.05,104.48,77.02,2.84,5.26,Bullish
2024-10-28,2741.08,103.71,78.07,2.9,5.22,Bullish
2024-10-29,2739.9,104.31,78.17,2.92,5.25,Bearish
2024-10-30,2741.48,104.02,78.16,2.99,5.27,Neutral
2024-10-31,2738.12,103.74,79.06,2.83,5.23,Bullish
2024-11-01,2663.69,103.62,78.37,2.94,5.24,Bullish
2024-11-04,2666.65,103.99,77.34,2.83,5.28,Neutral
2024-11-05,2665.74,104.02,78.08,2.85,5.24,Neutral
2024-11-06,2658.25,104.05,77.4,2.93,5.29,Bearish
2024-11-07,2654.97,103.71,77.88,2.97,5.24,Neutral
2024-11-08,2648.17,103.27,78.36,2.91,5.24,Neutral
2024-11-11,2647.74,103.65,78.3,2.84,5.26,Bearish
2024-11-12,2669.46,104.03,75.88,2.88,5.26,Bullish
2024-11-13,2658.34,103.48,77.63,2.89,5.28,Bullish
2024-11-14,2668.85,103.85,80.09,2.92,5.26,Bullish
2024-11-15,2659.97,104.33,77.69,2.85,5.23,Bullish
2024-11-18,2652.01,104.82,78.64,2.92,5.23,Neutral
2024-11-19,2665.99,103.73,77.45,2.91,5.23,Bullish
2024-11-20,2657.61,103.69,78.88,2.82,5.26,Bullish
2024-11-21,2666.48,103.7,75.66,2.93,5.28,Bullish
2024-11-22,2674.47,104.16,76.69,2.89,5.23,Bearish
2024-11-25,2666.14,104.09,76.34,2.92,5.23,Bullish
2024-11-26,2661.18,103.61,78.75,2.9,5.23,Bullish
2024-11-27,2678.93,104.05,78.69,2.83,5.26,Bullish
2024-11-28,2659.84,104.14,76.81,2.89,5.25,Neutral
2024-11-29,2662.48,103.7,78.62,2.81,5.26,Bullish
2024-12-02,2622.74,104.42,76.6,2.88,5.27,Bullish
2024-12-03,2622.6,103.89,77.64,2.89,5.27,Bullish
2024-12-04,2630.34,103.38,77.56,2.91,5.26,Neutral
2024-12-05,2636.94,104.61,77.5,2.83,5.24,Neutral
2024-12-06,2627.46,103.98,78.75,2.89,5.24,Neutral
2024-12-09,2635.95,104.65,77.6,2.82,5.25,Bullish
2024-12-10,2637.2,103.82,79.92,2.94,5.25,Bullish
2024-12-11,2610.49,103.95,77.97,2.92,5.23,Bearish
2024-12-12,2619.52,104.32,78.92,2.95,5.26,Bullish
2024-12-13,2609.46,104.41,77.85,2.96,5.24,Bearish
2024-12-16,2627.73,103.48,74.97,2.91,5.25,Bullish
2024-12-17,2617.18,103.93,76.95,2.92,5.25,Bullish
2024-12-18,2626.51,104.64,76.76,2.94,5.25,Neutral
2024-12-19,2630.56,103.69,77.68,2.83,5.25,Bearish
2024-12-20,2624.77,104.16,78.04,2.97,5.27,Neutral
2024-12-23,2624.94,103.72,79.16,2.82,5.25,Bearish
2024-12-24,2635.23,103.98,77.77,2.94,5.26,Bullish
2024-12-25,2615.97,104.07,77.96,2.89,5.23,Bullish
2024-12-26,2623.53,103.95,76.22,2.96,5.25,Bullish
2024-12-27,2625.3,103.59,78.8,2.99,5.24,Bullish
2024-12-30,2636.93,104.29,79.11,2.87,5.22,Bearish
2024-12-31,2636.92,103.52,78.33,2.82,5.23,Bearish
