Date,Gold_Price_USD,USD_Index,Oil_Price_USD,Inflation_Rate,Interest_Rate,Market_Sentiment
2019-01-01,1750.0,100.18,69.88,2.44,1.48,2
2019-01-02,1760.19,100.41,68.35,2.39,1.45,1
2019-01-03,1757.74,100.25,67.66,2.32,1.44,0
2019-01-04,1771.0,100.0,67.33,2.25,1.42,2
2019-01-07,1802.17,100.0,68.84,2.27,1.41,0
2019-01-08,1797.7,99.95,69.29,2.26,1.41,2
2019-01-09,1793.24,99.81,68.22,2.27,1.42,1
2019-01-10,1825.96,100.02,68.61,2.31,1.42,0
2019-01-11,1842.24,100.31,67.37,2.32,1.39,1
2019-01-14,1832.78,100.33,68.23,2.36,1.41,0
2019-01-15,1844.41,100.78,67.86,2.35,1.39,1
2019-01-16,1835.06,100.44,67.78,2.29,1.39,1
2019-01-17,1825.71,100.38,68.84,2.35,1.4,0
2019-01-18,1831.05,100.16,67.81,2.32,1.4,0
2019-01-21,1792.06,99.6,66.7,2.27,1.43,1
2019-01-22,1757.66,99.58,66.23,2.26,1.44,0
2019-01-23,1746.79,99.54,67.06,2.21,1.42,0
2019-01-24,1727.15,99.99,65.84,2.19,1.46,1
2019-01-25,1733.61,100.18,63.58,2.21,1.47,0
2019-01-28,1716.15,99.88,63.22,2.23,1.46,2
2019-01-29,1689.18,100.43,63.66,2.18,1.48,0
2019-01-30,1717.79,100.8,64.62,2.16,1.49,1
2019-01-31,1713.69,100.97,64.25,2.21,1.5,1
2019-02-01,1715.31,100.91,63.92,2.24,1.54,0
2019-02-04,1688.11,100.62,64.84,2.34,1.54,2
2019-02-05,1678.01,100.51,63.35,2.4,1.53,0
2019-02-06,1680.42,100.83,63.04,2.46,1.54,1
2019-02-07,1658.92,101.4,63.19,2.39,1.56,0
2019-02-08,1666.29,101.86,63.55,2.43,1.53,2
2019-02-11,1655.27,101.71,63.14,2.42,1.49,1
2019-02-12,1650.09,101.38,63.17,2.4,1.48,2
2019-02-13,1639.15,101.42,61.18,2.4,1.44,2
2019-02-14,1674.23,100.89,60.65,2.45,1.43,1
2019-02-15,1674.27,100.99,61.01,2.48,1.44,2
2019-02-18,1654.6,100.94,60.23,2.43,1.43,1
2019-02-19,1670.39,100.8,60.27,2.47,1.4,2
2019-02-20,1647.71,100.33,60.63,2.44,1.4,0
2019-02-21,1651.91,100.48,60.36,2.45,1.42,0
2019-02-22,1615.89,100.32,60.49,2.43,1.38,0
2019-02-25,1592.01,99.97,59.72,2.42,1.4,2
2019-02-26,1595.85,99.11,59.56,2.46,1.42,1
2019-02-27,1609.54,99.1,60.05,2.41,1.43,0
2019-02-28,1612.96,99.63,60.17,2.51,1.46,1
2019-03-01,1611.12,100.13,59.7,2.42,1.5,1
2019-03-04,1605.91,99.99,59.88,2.39,1.5,1
2019-03-05,1579.49,99.81,60.45,2.4,1.5,0
2019-03-06,1566.92,99.95,58.81,2.43,1.49,1
2019-03-07,1559.03,99.65,59.74,2.43,1.49,1
2019-03-08,1578.1,99.74,59.47,2.43,1.52,1
2019-03-11,1584.54,99.97,59.81,2.45,1.49,1
2019-03-12,1553.44,100.34,60.77,2.43,1.48,0
2019-03-13,1559.43,100.31,59.67,2.5,1.5,2
2019-03-14,1552.91,100.25,59.11,2.55,1.52,1
2019-03-15,1541.3,99.99,58.88,2.59,1.52,2
2019-03-18,1552.3,99.74,58.25,2.54,1.53,2
2019-03-19,1570.83,99.67,59.64,2.54,1.54,0
2019-03-20,1587.78,99.78,58.95,2.52,1.57,0
2019-03-21,1573.01,100.05,58.51,2.47,1.57,2
2019-03-22,1567.78,99.81,58.67,2.49,1.59,1
2019-03-25,1573.96,100.26,57.71,2.46,1.65,0
2019-03-26,1591.74,100.18,57.39,2.5,1.66,0
2019-03-27,1583.39,100.17,57.65,2.44,1.66,0
2019-03-28,1580.33,99.95,57.38,2.53,1.67,2
2019-03-29,1560.9,99.22,57.3,2.48,1.67,1
2019-04-01,1540.14,99.49,56.88,2.49,1.71,0
2019-04-02,1554.67,99.71,55.67,2.53,1.72,0
2019-04-03,1579.04,99.62,55.93,2.51,1.71,1
2019-04-04,1578.02,99.64,57.33,2.55,1.7,1
2019-04-05,1596.36,99.8,57.35,2.49,1.72,0
2019-04-08,1603.2,99.33,57.53,2.56,1.73,2
2019-04-09,1591.79,99.17,58.08,2.56,1.72,0
2019-04-10,1598.6,99.41,57.06,2.53,1.74,2
2019-04-11,1627.01,99.03,58.43,2.52,1.71,0
2019-04-12,1626.63,99.12,58.59,2.56,1.71,1
2019-04-15,1656.03,98.71,59.89,2.53,1.72,1
2019-04-16,1607.84,98.85,59.31,2.49,1.75,1
2019-04-17,1623.18,98.84,60.76,2.48,1.74,1
2019-04-18,1625.07,98.36,61.38,2.42,1.71,1
2019-04-19,1619.85,98.71,61.82,2.51,1.69,2
2019-04-22,1621.82,98.49,62.01,2.48,1.67,2
2019-04-23,1585.95,98.24,61.81,2.52,1.69,1
2019-04-24,1582.28,98.3,62.77,2.53,1.72,1
2019-04-25,1588.98,98.65,62.89,2.48,1.73,1
2019-04-26,1616.11,98.34,61.31,2.48,1.76,0
2019-04-29,1606.92,98.36,60.42,2.52,1.76,1
2019-04-30,1592.53,98.49,60.27,2.51,1.76,1
2019-05-01,1583.77,98.7,60.52,2.57,1.75,2
2019-05-02,1600.57,98.75,60.47,2.62,1.74,2
2019-05-03,1606.83,98.64,61.45,2.67,1.71,1
2019-05-06,1597.49,98.39,59.89,2.65,1.72,0
2019-05-07,1607.09,98.42,60.0,2.59,1.72,1
2019-05-08,1609.14,98.1,58.55,2.56,1.73,2
2019-05-09,1627.19,97.22,59.15,2.57,1.73,0
2019-05-10,1614.57,97.35,59.08,2.6,1.73,1
2019-05-13,1608.86,97.62,59.41,2.49,1.71,2
2019-05-14,1602.0,96.92,58.72,2.49,1.71,1
2019-05-15,1575.91,96.61,59.75,2.5,1.73,1
2019-05-16,1581.49,96.8,60.58,2.49,1.71,1
2019-05-17,1586.45,97.42,61.05,2.55,1.71,0
2019-05-20,1586.82,97.42,60.94,2.57,1.71,1
2019-05-21,1582.88,97.2,61.41,2.64,1.7,1
2019-05-22,1557.95,97.15,60.84,2.63,1.69,1
2019-05-23,1550.81,97.56,61.53,2.67,1.69,1
2019-05-24,1545.06,97.37,62.85,2.75,1.67,2
2019-05-27,1531.33,97.13,63.7,2.82,1.68,1
2019-05-28,1528.8,96.98,63.12,2.77,1.66,1
2019-05-29,1536.09,96.7,63.41,2.75,1.68,0
2019-05-30,1569.57,96.73,62.37,2.74,1.73,2
2019-05-31,1572.95,97.22,62.83,2.76,1.71,2
2019-06-03,1577.83,97.32,63.19,2.79,1.72,0
2019-06-04,1576.77,97.24,61.7,2.75,1.7,1
2019-06-05,1543.1,97.15,60.77,2.76,1.73,2
2019-06-06,1542.91,96.69,60.54,2.65,1.7,0
2019-06-07,1544.23,96.95,60.3,2.73,1.71,1
2019-06-10,1588.24,96.93,59.33,2.7,1.69,2
2019-06-11,1585.06,96.87,59.64,2.7,1.69,1
2019-06-12,1590.77,97.83,59.84,2.69,1.67,2
2019-06-13,1590.42,97.92,59.69,2.75,1.68,2
2019-06-14,1569.75,97.69,59.08,2.6,1.67,0
2019-06-17,1590.5,97.57,59.92,2.6,1.68,2
2019-06-18,1604.4,97.91,61.25,2.6,1.67,2
2019-06-19,1619.14,97.95,60.86,2.57,1.67,1
2019-06-20,1602.81,97.51,60.37,2.66,1.67,0
2019-06-21,1628.79,97.79,60.76,2.62,1.66,1
2019-06-24,1603.38,97.59,60.48,2.66,1.66,1
2019-06-25,1614.37,98.15,60.37,2.67,1.69,2
2019-06-26,1655.25,98.48,60.96,2.74,1.68,1
2019-06-27,1637.05,98.34,59.43,2.7,1.7,1
2019-06-28,1626.85,98.73,60.48,2.67,1.73,0
2019-07-01,1628.98,98.75,60.54,2.72,1.71,2
2019-07-02,1619.98,99.0,60.21,2.74,1.68,1
2019-07-03,1592.03,99.15,60.14,2.67,1.69,1
2019-07-04,1593.54,98.89,60.11,2.64,1.68,1
2019-07-05,1574.74,98.7,58.73,2.66,1.72,0
2019-07-08,1583.49,99.01,59.92,2.7,1.72,1
2019-07-09,1567.34,98.91,59.96,2.67,1.7,0
2019-07-10,1595.41,98.79,60.31,2.52,1.68,1
2019-07-11,1581.57,98.5,61.07,2.55,1.7,1
2019-07-12,1576.08,98.63,60.25,2.48,1.69,2
2019-07-15,1590.96,99.25,60.63,2.38,1.69,1
2019-07-16,1569.19,98.93,60.42,2.24,1.71,0
2019-07-17,1573.51,98.93,61.1,2.28,1.7,1
2019-07-18,1597.29,99.36,59.4,2.29,1.7,0
2019-07-19,1568.71,99.33,59.32,2.28,1.7,0
2019-07-22,1572.27,99.47,58.83,2.35,1.71,1
2019-07-23,1577.18,99.15,59.18,2.38,1.72,1
2019-07-24,1591.5,99.28,59.56,2.46,1.72,1
2019-07-25,1569.61,99.22,58.99,2.39,1.72,0
2019-07-26,1546.55,99.52,58.42,2.39,1.71,2
2019-07-29,1556.0,99.87,58.33,2.31,1.68,0
2019-07-30,1561.52,100.65,57.61,2.3,1.69,0
2019-07-31,1566.24,100.83,58.29,2.28,1.73,1
2019-08-01,1572.68,100.92,57.99,2.32,1.71,1
2019-08-02,1560.87,100.98,55.67,2.32,1.69,1
2019-08-05,1565.26,100.88,55.37,2.35,1.68,1
2019-08-06,1570.74,100.98,54.54,2.38,1.69,1
2019-08-07,1558.34,100.89,53.23,2.49,1.7,0
2019-08-08,1591.93,100.94,52.24,2.48,1.7,0
2019-08-09,1600.79,101.33,52.33,2.43,1.68,2
2019-08-12,1579.58,101.03,53.39,2.44,1.68,1
2019-08-13,1591.66,101.37,53.64,2.4,1.65,0
2019-08-14,1574.44,101.77,53.16,2.48,1.65,2
2019-08-15,1588.83,101.73,53.52,2.46,1.67,0
2019-08-16,1610.12,101.1,53.15,2.43,1.64,1
2019-08-19,1595.49,100.92,52.6,2.41,1.61,1
2019-08-20,1613.29,101.3,51.67,2.45,1.64,1
2019-08-21,1621.14,101.3,50.27,2.44,1.63,1
2019-08-22,1636.61,101.0,49.96,2.41,1.65,2
2019-08-23,1672.48,100.85,50.09,2.49,1.65,1
2019-08-26,1668.12,101.1,50.01,2.45,1.65,1
2019-08-27,1654.22,101.26,49.68,2.45,1.66,2
2019-08-28,1637.9,101.19,48.92,2.48,1.64,2
2019-08-29,1623.1,101.08,49.41,2.4,1.64,0
2019-08-30,1621.96,100.96,48.35,2.42,1.63,0
2019-09-02,1628.53,100.69,48.98,2.37,1.61,1
2019-09-03,1633.93,101.17,48.17,2.41,1.61,1
2019-09-04,1649.62,101.07,47.57,2.36,1.61,1
2019-09-05,1650.15,101.44,46.4,2.4,1.61,0
2019-09-06,1677.86,101.9,46.0,2.45,1.58,2
2019-09-09,1673.13,102.2,46.78,2.5,1.61,1
2019-09-10,1725.83,102.07,47.19,2.51,1.63,0
2019-09-11,1738.42,102.19,47.97,2.5,1.65,1
2019-09-12,1721.91,102.18,48.39,2.47,1.64,0
2019-09-13,1701.42,101.91,47.51,2.54,1.61,1
2019-09-16,1711.05,102.01,47.24,2.51,1.65,1
2019-09-17,1707.02,101.65,46.62,2.45,1.65,2
2019-09-18,1721.2,102.01,47.68,2.49,1.63,0
2019-09-19,1730.76,101.87,46.73,2.45,1.64,0
2019-09-20,1729.63,101.93,47.44,2.4,1.66,1
2019-09-23,1713.4,102.01,48.15,2.33,1.66,1
2019-09-24,1684.51,101.94,49.62,2.3,1.69,1
2019-09-25,1676.3,102.11,49.29,2.3,1.71,2
2019-09-26,1692.95,101.97,49.86,2.31,1.69,2
2019-09-27,1697.36,102.23,51.69,2.36,1.68,0
2019-09-30,1673.84,101.83,51.19,2.39,1.7,1
2019-10-01,1677.42,101.87,49.96,2.38,1.64,2
2019-10-02,1685.06,102.45,48.46,2.37,1.64,0
2019-10-03,1668.55,102.15,49.03,2.39,1.61,0
2019-10-04,1671.75,101.94,47.52,2.46,1.6,1
2019-10-07,1673.14,102.1,47.23,2.46,1.59,2
2019-10-08,1651.89,102.15,47.58,2.44,1.59,0
2019-10-09,1658.89,102.26,47.72,2.39,1.58,2
2019-10-10,1669.76,102.4,48.06,2.32,1.55,2
2019-10-11,1690.69,102.59,48.24,2.35,1.6,1
2019-10-14,1711.31,102.93,49.26,2.38,1.64,2
2019-10-15,1685.08,103.05,48.5,2.41,1.61,2
2019-10-16,1667.54,102.98,47.96,2.4,1.65,1
2019-10-17,1677.6,103.18,47.34,2.47,1.64,1
2019-10-18,1687.7,103.75,48.01,2.45,1.64,1
2019-10-21,1697.88,103.71,48.73,2.5,1.64,0
2019-10-22,1774.0,103.42,49.09,2.49,1.63,1
2019-10-23,1785.83,103.75,50.04,2.46,1.65,0
2019-10-24,1809.29,103.71,49.09,2.49,1.65,1
2019-10-25,1829.29,103.06,50.43,2.51,1.64,2
2019-10-28,1843.17,103.32,51.65,2.53,1.61,1
2019-10-29,1836.91,103.16,52.23,2.54,1.59,1
2019-10-30,1853.11,103.13,53.66,2.53,1.56,0
2019-10-31,1837.26,103.23,52.33,2.65,1.56,0
2019-11-01,1832.65,103.29,51.91,2.71,1.54,1
2019-11-04,1822.91,103.5,51.33,2.75,1.53,1
2019-11-05,1824.92,103.37,51.9,2.75,1.56,1
2019-11-06,1873.78,103.52,51.06,2.8,1.58,2
2019-11-07,1834.84,103.44,51.67,2.83,1.58,2
2019-11-08,1849.49,103.67,52.77,2.83,1.58,0
2019-11-11,1816.3,103.85,53.32,2.82,1.62,2
2019-11-12,1806.92,103.57,53.55,2.81,1.63,2
2019-11-13,1829.68,103.89,52.76,2.65,1.62,1
2019-11-14,1831.34,103.73,52.08,2.66,1.59,2
2019-11-15,1809.41,103.98,53.08,2.64,1.6,2
2019-11-18,1795.1,104.09,53.7,2.72,1.62,1
2019-11-19,1809.3,104.64,53.67,2.72,1.61,1
2019-11-20,1794.69,104.57,53.34,2.66,1.61,1
2019-11-21,1799.42,104.47,51.72,2.66,1.61,1
2019-11-22,1800.66,104.46,50.86,2.61,1.6,2
2019-11-25,1787.72,104.37,52.39,2.63,1.55,0
2019-11-26,1832.03,104.61,51.37,2.64,1.55,2
2019-11-27,1845.56,104.12,51.52,2.69,1.57,2
2019-11-28,1803.98,103.81,52.32,2.65,1.55,0
2019-11-29,1808.11,103.49,51.32,2.65,1.56,0
2019-12-02,1794.91,103.77,51.47,2.59,1.54,1
2019-12-03,1812.65,104.29,52.22,2.62,1.55,1
2019-12-04,1796.75,104.26,52.23,2.65,1.54,0
2019-12-05,1794.73,104.2,54.52,2.67,1.52,1
2019-12-06,1805.35,104.23,53.19,2.67,1.55,1
2019-12-09,1823.47,104.57,54.03,2.69,1.57,2
2019-12-10,1799.14,104.3,53.9,2.77,1.56,0
2019-12-11,1792.64,104.37,54.51,2.76,1.57,1
2019-12-12,1783.32,104.66,54.87,2.77,1.58,0
2019-12-13,1770.46,104.81,54.28,2.71,1.59,2
2019-12-16,1806.58,104.87,54.46,2.67,1.56,1
2019-12-17,1815.21,105.17,52.98,2.67,1.58,1
2019-12-18,1789.75,104.36,53.46,2.73,1.57,2
2019-12-19,1808.79,104.56,53.7,2.72,1.56,1
2019-12-20,1853.16,104.36,54.21,2.7,1.61,1
2019-12-23,1875.31,103.81,55.06,2.68,1.62,0
2019-12-24,1843.6,103.97,55.35,2.66,1.61,2
2019-12-25,1833.83,104.38,55.47,2.67,1.57,1
2019-12-26,1860.68,104.34,54.76,2.6,1.59,1
2019-12-27,1846.13,104.62,54.19,2.66,1.57,1
2019-12-30,1855.77,105.11,55.14,2.63,1.55,2
2019-12-31,1872.47,105.5,56.29,2.66,1.54,1
2020-01-01,1853.21,105.99,56.1,2.6,1.57,0
2020-01-02,1852.28,106.22,56.14,2.63,1.58,2
2020-01-03,1785.75,106.24,55.41,2.67,1.58,1
2020-01-06,1765.44,105.76,56.35,2.69,1.59,2
2020-01-07,1760.7,105.69,56.89,2.64,1.57,2
2020-01-08,1736.26,105.43,58.44,2.65,1.58,2
2020-01-09,1769.01,106.08,57.74,2.59,1.58,1
2020-01-10,1740.85,106.03,57.43,2.58,1.6,0
2020-01-13,1732.49,106.07,57.62,2.63,1.62,2
2020-01-14,1735.36,106.23,58.14,2.67,1.63,2
2020-01-15,1764.26,106.25,57.96,2.67,1.62,1
2020-01-16,1736.07,106.76,57.26,2.62,1.63,2
2020-01-17,1759.43,106.57,57.97,2.65,1.63,1
2020-01-20,1759.94,106.63,58.55,2.65,1.61,1
2020-01-21,1740.76,106.4,57.81,2.54,1.6,0
2020-01-22,1750.21,106.01,58.9,2.58,1.6,2
2020-01-23,1754.47,105.82,59.83,2.58,1.62,0
2020-01-24,1742.87,105.81,59.94,2.64,1.62,0
2020-01-27,1744.56,105.68,60.01,2.58,1.6,2
2020-01-28,1737.25,105.48,60.45,2.42,1.6,1
2020-01-29,1739.79,105.05,59.76,2.44,1.6,0
2020-01-30,1753.21,105.03,59.78,2.45,1.6,1
2020-01-31,1785.33,104.58,58.06,2.37,1.62,1
2020-02-03,1760.76,104.81,58.76,2.32,1.64,0
2020-02-04,1804.17,104.83,57.51,2.45,1.63,2
2020-02-05,1764.99,104.39,58.72,2.44,1.62,0
2020-02-06,1762.26,104.3,58.45,2.48,1.6,2
2020-02-07,1774.36,104.08,58.28,2.44,1.61,1
2020-02-10,1780.33,104.17,57.78,2.34,1.64,1
2020-02-11,1768.11,104.57,57.55,2.33,1.63,0
2020-02-12,1764.25,104.01,58.68,2.32,1.63,1
2020-02-13,1754.72,104.05,56.69,2.3,1.66,1
2020-02-14,1743.34,104.0,57.72,2.29,1.67,0
2020-02-17,1760.52,104.2,57.99,2.3,1.68,1
2020-02-18,1767.97,104.26,57.02,2.3,1.65,1
2020-02-19,1754.44,104.04,56.16,2.23,1.67,0
2020-02-20,1772.73,103.94,57.5,2.26,1.65,0
2020-02-21,1779.23,103.7,56.75,2.16,1.62,2
2020-02-24,1796.02,104.03,55.82,2.06,1.62,0
2020-02-25,1809.2,104.03,56.73,2.09,1.61,0
2020-02-26,1792.58,104.6,57.0,2.12,1.6,2
2020-02-27,1781.54,104.58,56.25,2.12,1.57,2
2020-02-28,1797.02,104.37,56.43,2.05,1.59,1
2020-03-02,1809.81,103.92,55.61,2.01,1.61,1
2020-03-03,1809.7,103.38,56.49,2.0,1.58,0
2020-03-04,1812.42,102.9,57.34,1.92,1.6,0
2020-03-05,1839.19,102.98,57.76,1.88,1.58,2
2020-03-06,1827.21,103.13,58.05,1.91,1.6,2
2020-03-09,1838.9,102.66,59.46,1.99,1.59,0
2020-03-10,1835.01,102.93,59.46,1.97,1.6,2
2020-03-11,1830.8,102.78,58.51,2.0,1.59,0
2020-03-12,1854.08,102.83,58.87,1.91,1.62,1
2020-03-13,1871.84,103.31,60.54,1.94,1.59,2
2020-03-16,1889.51,103.58,59.73,1.9,1.6,1
2020-03-17,1918.02,103.5,59.44,1.92,1.63,2
2020-03-18,1918.81,103.23,59.77,1.9,1.64,2
2020-03-19,1934.04,102.59,59.73,1.97,1.69,0
2020-03-20,1927.59,102.37,58.95,1.93,1.68,0
2020-03-23,1935.02,102.31,59.84,1.96,1.69,0
2020-03-24,1932.5,102.01,61.7,1.94,1.69,1
2020-03-25,1934.97,101.97,61.86,1.94,1.72,1
2020-03-26,1948.41,101.99,61.13,1.93,1.72,0
2020-03-27,1930.75,101.93,59.89,1.88,1.71,2
2020-03-30,1977.45,101.73,60.1,1.88,1.74,0
2020-03-31,1955.36,101.78,60.98,1.88,1.73,1
2020-04-01,1928.96,101.92,61.36,1.89,1.7,0
2020-04-02,1954.8,101.59,61.36,1.9,1.69,2
2020-04-03,1972.77,102.01,60.89,1.94,1.7,0
2020-04-06,1987.12,101.98,60.02,1.98,1.73,0
2020-04-07,2001.68,101.99,60.68,1.93,1.73,2
2020-04-08,2001.75,102.2,61.41,1.97,1.76,0
2020-04-09,1981.83,102.27,60.18,1.91,1.73,0
2020-04-10,1983.88,102.56,61.45,1.94,1.72,2
2020-04-13,1969.05,102.64,61.91,1.97,1.71,1
2020-04-14,1991.29,102.46,63.03,1.88,1.71,2
2020-04-15,1988.31,102.57,61.96,1.88,1.71,1
2020-04-16,1970.13,102.22,60.86,1.86,1.73,1
2020-04-17,1963.31,102.26,60.74,1.82,1.72,2
2020-04-20,1972.86,102.25,61.15,1.89,1.72,1
2020-04-21,1960.63,102.18,62.58,1.86,1.72,2
2020-04-22,1942.78,102.15,63.15,1.82,1.7,2
2020-04-23,1948.49,101.58,62.95,1.82,1.7,2
2020-04-24,1954.25,101.42,62.13,1.85,1.7,2
2020-04-27,1943.39,101.44,63.12,1.85,1.69,1
2020-04-28,1933.37,101.49,62.34,1.91,1.69,2
2020-04-29,1938.8,101.18,63.65,1.93,1.7,1
2020-04-30,1907.56,101.56,63.42,1.82,1.69,0
2020-05-01,1877.68,101.3,64.69,1.8,1.71,2
2020-05-04,1862.77,101.59,65.24,1.77,1.69,1
2020-05-05,1858.59,101.72,65.13,1.79,1.67,0
2020-05-06,1865.48,101.53,64.71,1.66,1.73,0
2020-05-07,1897.28,102.06,64.44,1.79,1.71,0
2020-05-08,1916.15,101.7,64.78,1.82,1.68,2
2020-05-11,1913.02,101.98,64.84,1.82,1.7,1
2020-05-12,1912.94,102.28,64.37,1.88,1.66,0
2020-05-13,1891.64,102.08,64.23,2.0,1.65,2
2020-05-14,1891.57,102.5,64.3,2.04,1.69,0
2020-05-15,1885.72,102.42,62.59,2.09,1.66,1
2020-05-18,1892.96,102.51,62.96,2.1,1.62,0
2020-05-19,1875.62,102.59,62.18,2.09,1.59,1
2020-05-20,1887.02,102.55,61.25,2.07,1.61,1
2020-05-21,1920.44,102.79,59.9,2.02,1.63,2
2020-05-22,1918.4,103.03,58.47,1.99,1.62,0
2020-05-25,1927.5,102.5,57.39,1.92,1.64,2
2020-05-26,1942.98,102.89,56.82,1.92,1.66,2
2020-05-27,1934.49,102.39,58.38,1.83,1.7,0
2020-05-28,1939.75,102.7,57.96,1.84,1.7,1
2020-05-29,1940.37,103.04,58.1,1.84,1.65,0
2020-06-01,1942.86,102.72,58.42,1.85,1.63,1
2020-06-02,1926.24,102.59,58.53,1.82,1.62,2
2020-06-03,1927.11,102.26,58.47,1.98,1.62,1
2020-06-04,1938.36,102.2,57.51,2.05,1.62,1
2020-06-05,1970.86,102.1,58.67,1.98,1.64,0
2020-06-08,1992.76,102.34,60.12,1.99,1.66,1
2020-06-09,2042.36,102.73,58.77,1.96,1.66,1
2020-06-10,2025.02,103.15,57.95,1.91,1.68,0
2020-06-11,2045.51,102.98,57.73,1.85,1.69,1
2020-06-12,2050.12,102.92,56.95,1.87,1.69,1
2020-06-15,2102.03,102.41,57.36,1.83,1.71,1
2020-06-16,2083.21,102.17,56.78,1.88,1.71,2
2020-06-17,2063.83,102.46,58.51,1.93,1.75,0
2020-06-18,2050.21,102.94,59.46,2.0,1.72,0
2020-06-19,2001.77,102.57,59.63,1.96,1.71,0
2020-06-22,1990.22,102.4,60.45,1.98,1.71,1
2020-06-23,1973.5,102.39,61.34,2.01,1.72,2
2020-06-24,1977.21,102.47,60.89,1.99,1.74,1
2020-06-25,1985.24,102.23,60.23,1.95,1.74,0
2020-06-26,2028.27,102.36,60.3,2.03,1.71,2
2020-06-29,2050.61,102.22,60.99,2.04,1.73,2
2020-06-30,2037.59,102.21,61.1,2.08,1.75,1
2020-07-01,2017.29,102.37,59.83,2.03,1.71,1
2020-07-02,2028.93,102.38,59.19,1.97,1.71,2
2020-07-03,1999.13,102.25,59.13,1.94,1.68,1
2020-07-06,2041.43,102.21,59.07,1.94,1.66,2
2020-07-07,2069.27,102.19,60.65,1.89,1.64,2
2020-07-08,2058.65,102.08,59.54,1.88,1.66,2
2020-07-09,2019.4,102.0,59.95,1.8,1.66,1
2020-07-10,2051.0,102.48,61.14,1.74,1.64,2
2020-07-13,2048.69,102.65,62.96,1.78,1.65,0
2020-07-14,2078.01,102.56,62.63,1.81,1.63,2
2020-07-15,2041.13,102.77,63.02,1.79,1.63,1
2020-07-16,2027.66,102.67,63.48,1.74,1.62,1
2020-07-17,2028.13,103.02,63.64,1.69,1.61,1
2020-07-20,2029.57,103.13,63.56,1.67,1.62,1
2020-07-21,2019.59,103.1,63.91,1.7,1.63,0
2020-07-22,2034.25,103.23,61.88,1.75,1.66,2
2020-07-23,2010.13,102.76,62.43,1.72,1.65,1
2020-07-24,2007.23,102.42,62.53,1.66,1.66,2
2020-07-27,2010.32,102.06,62.35,1.68,1.65,1
2020-07-28,2022.43,102.11,63.99,1.64,1.66,1
2020-07-29,2039.17,102.63,63.45,1.61,1.66,1
2020-07-30,2013.68,103.3,63.12,1.68,1.66,1
2020-07-31,1979.3,103.49,64.72,1.72,1.63,2
2020-08-03,2008.54,103.64,64.05,1.73,1.63,1
2020-08-04,2016.47,103.1,63.61,1.66,1.64,0
2020-08-05,1999.77,102.93,63.49,1.67,1.63,0
2020-08-06,2035.61,102.7,64.17,1.73,1.6,2
2020-08-07,2038.64,102.51,64.33,1.71,1.63,1
2020-08-10,2066.44,102.46,63.3,1.77,1.64,1
2020-08-11,2068.38,102.32,62.87,1.84,1.64,1
2020-08-12,2117.65,101.73,62.39,1.92,1.61,0
2020-08-13,2160.6,101.95,62.33,1.94,1.6,1
2020-08-14,2154.88,101.63,62.67,1.97,1.62,2
2020-08-17,2179.13,101.7,63.0,2.04,1.63,0
2020-08-18,2195.52,102.32,61.58,2.06,1.61,0
2020-08-19,2230.24,102.05,62.43,2.03,1.62,0
2020-08-20,2206.36,101.29,62.63,2.01,1.61,1
2020-08-21,2223.98,101.2,63.74,2.02,1.64,0
2020-08-24,2251.22,101.53,64.1,1.96,1.67,2
2020-08-25,2207.15,102.12,64.98,1.95,1.66,2
2020-08-26,2178.12,101.75,65.35,2.01,1.64,2
2020-08-27,2128.7,101.9,66.43,1.9,1.59,2
2020-08-28,2122.58,101.76,66.85,1.97,1.56,1
2020-08-31,2140.29,101.73,66.77,2.03,1.53,1
2020-09-01,2177.44,102.52,68.59,2.01,1.54,1
2020-09-02,2179.65,102.07,69.3,2.03,1.53,1
2020-09-03,2220.66,102.15,69.76,2.04,1.5,1
2020-09-04,2186.56,102.29,68.73,2.1,1.5,0
2020-09-07,2145.1,102.61,67.7,2.15,1.51,0
2020-09-08,2144.13,102.64,67.94,2.08,1.52,2
2020-09-09,2153.86,102.73,68.05,2.11,1.48,2
2020-09-10,2153.43,102.62,67.56,2.09,1.48,2
2020-09-11,2103.9,102.7,67.68,2.1,1.45,1
2020-09-14,2102.14,102.59,68.95,2.06,1.47,1
2020-09-15,2071.64,102.78,69.5,2.15,1.48,0
2020-09-16,2087.79,102.67,68.59,2.2,1.47,1
2020-09-17,2096.85,102.78,68.5,2.16,1.45,1
2020-09-18,2074.99,102.77,67.86,2.1,1.44,1
2020-09-21,2063.29,103.11,67.55,2.08,1.4,1
2020-09-22,2039.01,103.1,67.22,2.1,1.4,0
2020-09-23,2037.92,102.56,66.83,2.11,1.4,0
2020-09-24,2060.47,102.94,65.83,2.18,1.42,0
2020-09-25,2037.92,102.67,65.73,2.21,1.4,0
2020-09-28,2049.96,102.48,65.28,2.26,1.38,1
2020-09-29,2038.02,102.3,62.94,2.28,1.35,1
2020-09-30,2020.13,102.71,64.58,2.21,1.33,1
2020-10-01,2018.03,102.07,65.45,2.2,1.31,1
2020-10-02,1994.83,103.01,65.15,2.25,1.33,2
2020-10-05,1982.69,103.33,65.16,2.25,1.32,2
2020-10-06,1956.28,103.39,64.23,2.28,1.32,0
2020-10-07,2000.7,103.38,65.58,2.26,1.31,1
2020-10-08,2001.85,103.46,67.1,2.21,1.29,0
2020-10-09,1986.37,103.62,67.23,2.2,1.28,0
2020-10-12,1991.55,103.81,68.04,2.22,1.29,0
2020-10-13,1989.36,103.98,68.18,2.18,1.27,0
2020-10-14,1984.72,104.01,67.12,2.17,1.29,0
2020-10-15,1998.94,103.95,66.79,2.13,1.27,0
2020-10-16,2016.53,103.9,66.89,2.18,1.26,2
2020-10-19,2004.79,103.84,66.53,2.17,1.27,1
2020-10-20,1992.09,104.18,66.35,2.24,1.26,2
2020-10-21,1986.23,104.36,66.28,2.32,1.26,1
2020-10-22,1935.39,103.48,66.21,2.31,1.25,1
2020-10-23,1902.76,103.68,66.26,2.26,1.25,2
2020-10-26,1932.81,103.73,65.41,2.16,1.21,2
2020-10-27,1969.55,103.73,64.83,2.08,1.17,1
2020-10-28,1964.33,103.61,63.81,2.02,1.18,0
2020-10-29,1977.56,103.95,64.59,2.08,1.2,1
2020-10-30,1984.9,104.23,62.9,2.09,1.18,0
2020-11-02,2055.77,104.0,63.83,2.11,1.18,2
2020-11-03,2082.4,104.12,64.94,2.0,1.19,2
2020-11-04,2079.74,103.83,64.69,1.94,1.2,0
2020-11-05,2057.69,103.42,62.61,1.98,1.16,1
2020-11-06,2020.9,103.23,62.32,2.0,1.14,0
2020-11-09,2025.92,103.49,62.27,1.99,1.13,1
2020-11-10,2008.97,103.78,61.46,2.02,1.15,2
2020-11-11,1977.17,103.93,61.05,2.1,1.2,2
2020-11-12,1963.07,104.15,62.28,2.09,1.19,0
2020-11-13,1939.48,104.3,62.81,2.09,1.17,1
2020-11-16,1977.28,104.11,62.07,2.1,1.17,1
2020-11-17,1997.5,104.24,60.79,2.22,1.2,1
2020-11-18,1997.66,104.48,60.53,2.12,1.2,2
2020-11-19,2031.82,104.71,60.36,2.15,1.18,0
2020-11-20,2033.96,105.06,60.75,2.15,1.2,1
2020-11-23,2014.54,105.27,60.33,2.17,1.22,0
2020-11-24,2049.99,105.38,60.74,2.14,1.2,2
2020-11-25,2062.92,105.7,62.28,2.14,1.2,1
2020-11-26,2039.15,105.69,62.94,2.17,1.22,2
2020-11-27,2035.11,105.43,62.9,2.33,1.25,2
2020-11-30,2015.35,105.38,62.75,2.37,1.25,2
2020-12-01,1984.34,105.16,62.47,2.33,1.24,1
2020-12-02,2005.64,104.95,63.41,2.31,1.26,1
2020-12-03,2049.89,104.91,62.91,2.28,1.24,1
2020-12-04,2017.99,104.67,62.94,2.19,1.25,1
2020-12-07,2031.27,104.58,62.99,2.18,1.22,1
2020-12-08,2016.69,104.01,62.58,2.21,1.24,0
2020-12-09,2005.93,104.08,61.49,2.15,1.24,0
2020-12-10,1992.85,104.08,61.74,2.2,1.26,2
2020-12-11,1973.76,103.83,61.7,2.23,1.27,1
2020-12-14,1975.19,104.03,62.1,2.19,1.25,0
2020-12-15,1957.01,104.31,61.67,2.18,1.28,2
2020-12-16,1963.36,103.83,62.65,2.26,1.31,2
2020-12-17,1962.58,103.6,61.94,2.3,1.32,2
2020-12-18,1957.61,103.37,63.31,2.3,1.31,2
2020-12-21,1937.91,103.09,61.92,2.29,1.3,2
2020-12-22,1925.61,103.34,62.26,2.29,1.31,1
2020-12-23,1942.51,103.28,62.64,2.27,1.29,0
2020-12-24,1953.92,103.2,62.01,2.16,1.33,1
2020-12-25,1932.71,102.6,62.35,2.26,1.33,1
2020-12-28,1935.23,102.79,63.37,2.27,1.27,1
2020-12-29,1952.13,102.42,61.6,2.29,1.28,1
2020-12-30,1915.85,102.43,62.0,2.29,1.27,1
2020-12-31,1928.03,102.52,60.0,2.25,1.27,1
2021-01-01,1913.93,102.92,59.23,2.24,1.27,1
2021-01-04,1926.69,102.53,60.54,2.16,1.28,2
2021-01-05,1910.42,101.63,60.07,2.28,1.3,1
2021-01-06,1872.04,101.68,59.13,2.21,1.31,2
2021-01-07,1838.13,102.22,58.97,2.16,1.3,1
2021-01-08,1839.45,102.59,60.63,2.14,1.3,2
2021-01-11,1845.2,102.66,59.16,2.21,1.3,2
2021-01-12,1826.69,102.51,58.32,2.21,1.29,0
2021-01-13,1840.29,102.75,59.52,2.14,1.3,0
2021-01-14,1806.26,102.46,61.0,2.21,1.31,1
2021-01-15,1805.22,102.6,60.92,2.24,1.34,2
2021-01-18,1780.91,102.75,59.93,2.27,1.36,2
2021-01-19,1768.1,103.07,61.61,2.31,1.35,2
2021-01-20,1769.36,103.9,62.88,2.43,1.37,0
2021-01-21,1752.48,104.02,63.43,2.54,1.35,1
2021-01-22,1745.16,103.86,62.78,2.5,1.36,2
2021-01-25,1765.5,103.86,62.74,2.58,1.35,1
2021-01-26,1754.29,103.33,62.61,2.6,1.33,0
2021-01-27,1771.3,103.12,62.87,2.63,1.34,1
2021-01-28,1749.06,102.99,64.03,2.54,1.28,2
2021-01-29,1759.9,102.84,64.74,2.53,1.25,1
2021-02-01,1789.22,102.88,63.88,2.49,1.24,1
2021-02-02,1740.07,102.64,64.98,2.53,1.25,0
2021-02-03,1724.72,102.97,65.23,2.59,1.24,2
2021-02-04,1736.34,102.97,65.78,2.48,1.21,0
2021-02-05,1732.65,102.97,66.95,2.48,1.19,1
2021-02-08,1740.26,102.87,66.06,2.54,1.2,1
2021-02-09,1728.69,102.92,66.03,2.53,1.21,2
2021-02-10,1730.68,103.17,65.61,2.57,1.21,2
2021-02-11,1727.93,102.91,64.35,2.58,1.23,2
2021-02-12,1751.27,102.71,64.63,2.6,1.24,0
2021-02-15,1756.63,102.62,66.64,2.59,1.22,2
2021-02-16,1763.68,102.21,65.17,2.53,1.22,0
2021-02-17,1755.77,101.97,65.14,2.47,1.19,0
2021-02-18,1746.39,101.82,65.65,2.51,1.19,0
2021-02-19,1738.15,102.09,65.75,2.51,1.21,0
2021-02-22,1746.24,102.17,65.66,2.5,1.23,2
2021-02-23,1738.23,102.22,64.62,2.48,1.25,0
2021-02-24,1744.25,102.48,64.81,2.46,1.25,1
2021-02-25,1786.09,102.44,64.2,2.52,1.27,1
2021-02-26,1804.14,102.55,62.45,2.5,1.27,1
2021-03-01,1797.79,102.52,63.41,2.43,1.3,0
2021-03-02,1822.76,102.6,64.17,2.47,1.3,1
2021-03-03,1814.67,102.43,64.21,2.46,1.31,1
2021-03-04,1773.52,101.7,64.4,2.46,1.34,0
2021-03-05,1753.66,101.66,65.26,2.54,1.34,0
2021-03-08,1717.16,102.08,65.44,2.54,1.34,2
2021-03-09,1710.62,102.36,66.16,2.55,1.37,0
2021-03-10,1711.28,102.65,65.92,2.49,1.37,2
2021-03-11,1744.42,103.02,66.97,2.48,1.34,2
2021-03-12,1751.2,103.05,67.23,2.51,1.38,2
2021-03-15,1747.16,103.11,67.38,2.44,1.37,0
2021-03-16,1763.98,102.92,66.37,2.45,1.38,1
2021-03-17,1720.6,102.83,66.6,2.45,1.4,2
2021-03-18,1725.5,103.01,65.93,2.45,1.39,1
2021-03-19,1740.95,103.37,65.42,2.51,1.37,1
2021-03-22,1712.31,103.33,64.77,2.52,1.37,0
2021-03-23,1734.96,103.2,63.92,2.6,1.34,1
2021-03-24,1741.93,103.2,65.62,2.55,1.33,2
2021-03-25,1734.05,103.38,66.68,2.55,1.34,0
2021-03-26,1746.84,102.94,68.22,2.56,1.33,0
2021-03-29,1792.71,102.26,67.24,2.5,1.3,0
2021-03-30,1796.73,102.09,67.3,2.55,1.33,0
2021-03-31,1802.1,101.72,66.26,2.67,1.33,1
2021-04-01,1793.05,101.57,65.7,2.67,1.36,0
2021-04-02,1776.17,101.53,64.97,2.69,1.36,2
2021-04-05,1793.28,101.39,65.96,2.7,1.34,0
2021-04-06,1776.27,101.83,65.64,2.66,1.34,2
2021-04-07,1778.02,101.92,66.5,2.57,1.34,1
2021-04-08,1768.72,102.01,66.98,2.53,1.32,1
2021-04-09,1778.66,102.2,68.83,2.47,1.35,1
2021-04-12,1785.71,101.86,67.64,2.55,1.33,1
2021-04-13,1807.16,102.17,68.65,2.54,1.3,2
2021-04-14,1797.05,102.15,69.57,2.53,1.32,2
2021-04-15,1791.87,102.35,68.79,2.57,1.31,1
2021-04-16,1772.4,102.03,69.59,2.52,1.3,0
2021-04-19,1763.8,101.56,69.86,2.48,1.27,2
2021-04-20,1771.67,101.81,69.68,2.48,1.3,1
2021-04-21,1787.26,101.92,69.02,2.53,1.27,1
2021-04-22,1768.97,101.65,68.45,2.56,1.28,2
2021-04-23,1786.81,101.39,70.09,2.57,1.29,0
2021-04-26,1814.81,101.73,70.09,2.57,1.3,2
2021-04-27,1823.65,101.37,70.71,2.59,1.3,1
2021-04-28,1863.2,101.86,70.08,2.6,1.27,2
2021-04-29,1847.25,101.59,69.46,2.55,1.25,1
2021-04-30,1821.67,101.78,70.32,2.55,1.26,1
2021-05-03,1785.61,101.69,69.24,2.5,1.24,0
2021-05-04,1816.48,101.87,68.91,2.5,1.24,1
2021-05-05,1830.32,101.7,68.94,2.48,1.26,1
2021-05-06,1829.49,101.65,69.03,2.61,1.28,1
2021-05-07,1835.62,101.67,68.88,2.61,1.25,1
2021-05-10,1812.66,101.37,69.2,2.54,1.3,2
2021-05-11,1863.96,101.59,69.75,2.53,1.31,0
2021-05-12,1867.02,101.43,70.34,2.55,1.31,1
2021-05-13,1869.66,101.37,69.55,2.64,1.33,1
2021-05-14,1885.44,101.07,69.32,2.61,1.38,1
2021-05-17,1896.08,100.3,70.28,2.53,1.35,0
2021-05-18,1901.23,100.24,71.0,2.57,1.35,1
2021-05-19,1884.59,100.97,69.9,2.5,1.3,2
2021-05-20,1895.02,101.2,70.18,2.48,1.3,1
2021-05-21,1936.23,101.19,68.6,2.47,1.31,1
2021-05-24,1966.34,101.12,68.63,2.46,1.31,2
2021-05-25,2002.53,101.12,70.15,2.5,1.3,2
2021-05-26,1991.3,101.29,69.39,2.46,1.26,1
2021-05-27,1969.42,100.93,68.73,2.45,1.26,2
2021-05-28,1966.96,101.27,69.34,2.45,1.29,0
2021-05-31,1968.55,101.48,68.1,2.46,1.28,2
2021-06-01,1993.47,101.7,67.6,2.46,1.29,0
2021-06-02,1955.92,101.83,68.07,2.48,1.26,0
2021-06-03,1990.48,101.83,67.57,2.53,1.27,2
2021-06-04,1987.26,102.04,67.38,2.55,1.26,1
2021-06-07,1978.01,102.21,67.97,2.57,1.24,0
2021-06-08,1955.78,102.11,68.31,2.49,1.23,0
2021-06-09,1919.76,101.94,68.52,2.49,1.22,1
2021-06-10,1938.1,101.97,68.25,2.52,1.23,1
2021-06-11,1940.05,102.43,68.55,2.55,1.2,1
2021-06-14,1912.21,102.06,68.45,2.52,1.19,0
2021-06-15,1884.66,101.62,68.82,2.48,1.19,0
2021-06-16,1877.82,101.67,68.42,2.46,1.17,0
2021-06-17,1914.03,101.68,68.27,2.48,1.21,1
2021-06-18,1908.74,101.74,67.48,2.53,1.19,0
2021-06-21,1876.81,101.81,67.45,2.51,1.18,2
2021-06-22,1871.91,101.74,66.8,2.56,1.16,1
2021-06-23,1866.46,102.19,65.91,2.57,1.19,0
2021-06-24,1810.56,101.71,66.12,2.56,1.2,2
2021-06-25,1809.76,101.46,66.29,2.55,1.19,2
2021-06-28,1805.34,101.43,66.92,2.59,1.21,0
2021-06-29,1819.96,100.94,66.57,2.6,1.21,2
2021-06-30,1858.85,100.88,66.9,2.72,1.22,1
2021-07-01,1883.07,101.38,67.34,2.67,1.21,2
2021-07-02,1877.66,101.39,67.69,2.7,1.2,1
2021-07-05,1854.58,101.46,67.03,2.67,1.2,1
2021-07-06,1909.82,101.08,67.15,2.63,1.19,1
2021-07-07,1911.43,100.89,67.44,2.63,1.23,2
2021-07-08,1912.07,100.78,67.45,2.64,1.2,0
2021-07-09,1911.88,100.69,65.78,2.78,1.23,1
2021-07-12,1916.51,101.07,65.91,2.77,1.23,1
2021-07-13,1913.71,101.24,67.68,2.72,1.24,2
2021-07-14,1901.63,100.9,67.39,2.73,1.25,2
2021-07-15,1890.2,100.98,66.81,2.63,1.24,0
2021-07-16,1889.83,101.13,67.11,2.62,1.26,0
2021-07-19,1878.55,101.47,67.36,2.62,1.2,0
2021-07-20,1863.75,101.94,68.31,2.66,1.19,1
2021-07-21,1866.32,101.64,67.31,2.71,1.17,2
2021-07-22,1861.26,101.4,67.89,2.69,1.15,1
2021-07-23,1893.6,101.02,68.36,2.68,1.14,0
2021-07-26,1837.85,100.95,68.25,2.64,1.15,1
2021-07-27,1861.06,101.09,68.52,2.58,1.16,0
2021-07-28,1887.87,101.39,69.34,2.6,1.17,0
2021-07-29,1844.32,101.36,70.04,2.53,1.15,0
2021-07-30,1837.49,101.27,69.13,2.51,1.16,1
2021-08-02,1830.09,101.31,69.78,2.46,1.16,0
2021-08-03,1801.42,101.06,69.73,2.49,1.18,1
2021-08-04,1785.92,101.69,69.79,2.58,1.2,1
2021-08-05,1763.87,101.21,69.85,2.52,1.2,1
2021-08-06,1799.58,101.26,69.73,2.42,1.18,2
2021-08-09,1819.09,101.87,70.68,2.42,1.17,0
2021-08-10,1845.83,101.87,70.61,2.42,1.16,0
2021-08-11,1861.32,101.81,69.72,2.43,1.15,2
2021-08-12,1837.96,101.71,69.4,2.41,1.16,0
2021-08-13,1827.38,101.65,69.55,2.4,1.17,0
2021-08-16,1837.87,102.06,70.53,2.42,1.17,1
2021-08-17,1812.89,101.4,71.01,2.47,1.17,1
2021-08-18,1827.93,101.86,70.33,2.37,1.17,0
2021-08-19,1823.27,101.43,72.32,2.35,1.16,0
2021-08-20,1815.85,101.35,72.53,2.36,1.14,2
2021-08-23,1830.87,101.22,73.55,2.32,1.11,2
2021-08-24,1840.43,101.4,73.43,2.4,1.09,1
2021-08-25,1833.24,100.92,73.86,2.37,1.1,1
2021-08-26,1857.82,101.06,74.53,2.37,1.09,0
2021-08-27,1835.5,101.67,75.5,2.4,1.09,1
2021-08-30,1848.69,101.26,76.35,2.37,1.09,1
2021-08-31,1861.48,101.32,77.05,2.27,1.11,2
2021-09-01,1855.28,101.12,76.8,2.25,1.08,1
2021-09-02,1862.48,101.24,76.34,2.3,1.1,2
2021-09-03,1836.57,101.25,76.6,2.29,1.13,2
2021-09-06,1856.23,101.06,77.35,2.25,1.1,2
2021-09-07,1852.67,101.2,77.17,2.29,1.09,1
2021-09-08,1842.04,101.75,78.02,2.28,1.11,1
2021-09-09,1864.4,101.69,79.19,2.25,1.11,0
2021-09-10,1849.89,101.9,78.45,2.26,1.06,1
2021-09-13,1820.9,101.52,77.78,2.3,1.04,1
2021-09-14,1789.35,101.23,77.67,2.41,1.03,1
2021-09-15,1802.01,101.37,77.92,2.46,1.01,1
2021-09-16,1776.34,101.82,77.5,2.51,1.0,1
2021-09-17,1812.35,101.92,78.58,2.49,1.0,2
2021-09-20,1770.38,101.83,78.92,2.44,1.03,1
2021-09-21,1805.08,101.83,78.95,2.44,1.02,1
2021-09-22,1809.72,101.45,77.8,2.45,1.04,0
2021-09-23,1808.05,101.64,76.75,2.39,1.07,2
2021-09-24,1797.22,101.9,76.97,2.38,1.1,1
2021-09-27,1805.69,101.76,75.27,2.4,1.11,1
2021-09-28,1805.23,101.62,76.08,2.42,1.07,0
2021-09-29,1828.28,101.7,75.95,2.45,1.08,2
2021-09-30,1830.96,101.57,78.55,2.46,1.1,2
2021-10-01,1834.4,101.55,80.39,2.44,1.1,0
2021-10-04,1827.17,102.18,80.25,2.41,1.13,1
2021-10-05,1826.31,102.11,80.16,2.35,1.15,0
2021-10-06,1833.02,102.0,80.96,2.44,1.16,1
2021-10-07,1798.13,101.81,82.32,2.44,1.18,0
2021-10-08,1771.16,102.03,81.01,2.43,1.19,2
2021-10-11,1786.46,101.98,79.58,2.38,1.14,2
2021-10-12,1790.23,101.78,79.08,2.53,1.13,1
2021-10-13,1786.81,102.18,79.55,2.48,1.15,1
2021-10-14,1787.5,102.6,79.95,2.45,1.14,0
2021-10-15,1794.87,102.42,80.8,2.47,1.13,2
2021-10-18,1784.22,101.86,79.84,2.5,1.11,2
2021-10-19,1768.86,102.16,77.99,2.55,1.15,1
2021-10-20,1773.1,101.96,78.68,2.64,1.18,1
2021-10-21,1753.84,102.2,78.02,2.67,1.16,0
2021-10-22,1762.28,101.61,76.4,2.62,1.17,1
2021-10-25,1728.89,101.87,76.52,2.6,1.15,2
2021-10-26,1749.49,101.51,77.15,2.62,1.16,0
2021-10-27,1759.19,101.73,77.05,2.72,1.17,2
2021-10-28,1764.61,101.73,76.69,2.65,1.19,0
2021-10-29,1784.7,101.45,76.56,2.71,1.2,2
2021-11-01,1819.04,101.33,76.26,2.72,1.26,1
2021-11-02,1840.4,101.53,75.18,2.76,1.24,2
2021-11-03,1802.69,101.56,74.61,2.76,1.2,1
2021-11-04,1777.04,101.74,75.03,2.72,1.19,0
2021-11-05,1764.8,102.33,75.29,2.75,1.16,1
2021-11-08,1765.63,101.86,75.42,2.79,1.13,0
2021-11-09,1776.33,102.35,74.63,2.83,1.11,1
2021-11-10,1762.08,102.38,74.48,2.83,1.09,1
2021-11-11,1766.12,102.11,72.74,2.8,1.08,2
2021-11-12,1751.36,101.71,72.88,2.73,1.09,1
2021-11-15,1739.56,101.65,74.02,2.77,1.08,2
2021-11-16,1712.33,101.93,72.85,2.79,1.07,2
2021-11-17,1694.8,101.89,72.38,2.74,1.09,1
2021-11-18,1669.31,102.34,72.64,2.71,1.07,0
2021-11-19,1651.23,101.91,73.64,2.69,1.07,1
2021-11-22,1671.36,101.91,73.28,2.62,1.08,1
2021-11-23,1653.75,101.53,72.73,2.57,1.04,0
2021-11-24,1704.16,101.64,71.15,2.52,0.99,2
2021-11-25,1714.01,101.9,71.24,2.5,1.0,1
2021-11-26,1717.91,101.78,72.87,2.46,1.01,0
2021-11-29,1701.57,101.0,73.09,2.38,1.05,0
2021-11-30,1715.43,101.06,73.08,2.48,1.05,2
2021-12-01,1704.56,101.19,73.33,2.54,1.07,1
2021-12-02,1707.22,101.31,73.32,2.5,1.06,0
2021-12-03,1757.81,101.68,72.67,2.52,1.07,0
2021-12-06,1756.2,101.36,73.33,2.54,1.1,0
2021-12-07,1779.55,101.56,73.51,2.6,1.06,2
2021-12-08,1765.72,101.92,73.53,2.56,1.07,2
2021-12-09,1765.33,101.39,72.75,2.61,1.11,1
2021-12-10,1801.45,101.48,73.79,2.58,1.12,0
2021-12-13,1789.0,101.33,74.32,2.52,1.15,1
2021-12-14,1826.46,101.31,73.88,2.55,1.14,1
2021-12-15,1841.5,101.41,74.68,2.62,1.14,0
2021-12-16,1830.11,101.27,74.28,2.75,1.14,1
2021-12-17,1843.6,101.06,73.66,2.69,1.09,0
2021-12-20,1864.37,101.07,73.05,2.72,1.07,2
2021-12-21,1877.88,100.75,71.63,2.7,1.05,1
2021-12-22,1845.06,100.42,72.01,2.74,1.06,2
2021-12-23,1830.23,100.62,70.54,2.67,1.08,0
2021-12-24,1825.42,100.28,69.56,2.6,1.09,0
2021-12-27,1824.2,100.48,67.9,2.57,1.1,2
2021-12-28,1837.4,100.62,67.83,2.57,1.1,1
2021-12-29,1841.43,100.1,67.71,2.54,1.13,0
2021-12-30,1814.07,99.9,67.45,2.57,1.13,0
2021-12-31,1822.22,100.26,66.62,2.62,1.13,1
2022-01-03,1835.2,99.96,65.68,2.65,1.12,2
2022-01-04,1847.21,99.82,66.05,2.73,1.13,2
2022-01-05,1870.31,99.96,65.61,2.75,1.13,1
2022-01-06,1888.41,100.2,65.86,2.69,1.15,1
2022-01-07,1898.6,100.12,65.15,2.76,1.12,0
2022-01-10,1897.42,99.94,65.3,2.73,1.1,1
2022-01-11,1862.34,100.37,66.34,2.78,1.12,0
2022-01-12,1871.76,100.89,66.81,2.85,1.11,1
2022-01-13,1876.5,101.18,66.48,2.88,1.1,0
2022-01-14,1882.61,101.21,66.69,2.8,1.12,1
2022-01-17,1855.88,100.97,66.49,2.76,1.11,1
2022-01-18,1833.59,100.72,66.5,2.82,1.11,0
2022-01-19,1855.94,100.87,66.24,2.81,1.13,0
2022-01-20,1855.43,101.0,66.11,2.82,1.16,2
2022-01-21,1870.14,101.42,66.28,2.86,1.2,2
2022-01-24,1871.07,101.62,65.48,2.89,1.19,1
2022-01-25,1872.03,101.16,64.67,2.91,1.22,1
2022-01-26,1892.38,101.48,63.56,2.89,1.2,2
2022-01-27,1881.66,101.18,62.28,2.88,1.18,2
2022-01-28,1884.04,101.07,61.31,2.92,1.13,2
2022-01-31,1874.52,101.14,61.43,2.95,1.16,1
2022-02-01,1865.63,101.74,60.72,2.94,1.15,2
2022-02-02,1859.43,102.67,61.13,2.99,1.14,1
2022-02-03,1864.44,102.85,61.16,2.98,1.13,2
2022-02-04,1854.67,102.8,59.58,2.94,1.14,2
2022-02-07,1881.59,102.96,60.11,2.9,1.13,1
2022-02-08,1862.93,103.23,60.76,2.86,1.11,2
2022-02-09,1859.31,103.13,59.96,2.84,1.12,1
2022-02-10,1850.38,103.67,60.3,2.9,1.09,2
2022-02-11,1881.32,103.74,59.61,2.86,1.07,1
2022-02-14,1885.84,103.89,59.69,2.87,1.03,2
2022-02-15,1908.37,104.09,58.68,2.84,1.0,1
2022-02-16,1876.82,104.21,57.24,2.83,1.0,2
2022-02-17,1882.84,104.46,56.94,2.75,0.96,0
2022-02-18,1902.26,104.28,56.84,2.74,0.93,0
2022-02-21,1904.36,104.11,56.52,2.73,0.93,1
2022-02-22,1927.84,103.78,55.57,2.76,0.92,2
2022-02-23,1916.9,103.91,55.25,2.77,0.96,1
2022-02-24,1948.12,104.15,55.47,2.71,1.0,0
2022-02-25,1999.92,104.28,55.43,2.76,0.98,1
2022-02-28,1992.05,104.79,55.58,2.77,0.99,2
2022-03-01,1982.36,104.79,55.04,2.78,1.01,1
2022-03-02,2015.65,104.99,55.98,2.78,1.0,1
2022-03-03,2052.43,104.66,55.04,2.76,0.97,1
2022-03-04,2040.66,104.54,55.43,2.77,0.97,0
2022-03-07,2031.31,104.75,56.37,2.79,0.96,1
2022-03-08,2025.18,105.01,56.76,2.7,0.95,0
2022-03-09,1994.89,104.92,56.6,2.68,0.96,2
2022-03-10,1974.56,104.9,56.17,2.66,0.95,2
2022-03-11,1952.54,104.44,57.0,2.68,0.93,0
2022-03-14,1935.96,104.33,55.87,2.74,0.93,1
2022-03-15,1935.53,104.6,55.09,2.7,0.94,0
2022-03-16,1941.02,104.77,54.77,2.67,0.91,1
2022-03-17,1975.79,104.92,55.76,2.65,0.93,2
2022-03-18,1953.89,104.94,56.07,2.61,0.89,1
2022-03-21,1976.16,104.94,55.29,2.59,0.88,0
2022-03-22,1971.71,104.74,55.04,2.63,0.88,1
2022-03-23,1970.95,104.95,54.55,2.58,0.87,2
2022-03-24,1986.43,105.08,53.98,2.6,0.85,1
2022-03-25,1961.65,105.23,54.77,2.51,0.89,0
2022-03-28,1970.51,105.07,53.67,2.48,0.87,1
2022-03-29,1974.58,104.42,54.96,2.47,0.92,2
2022-03-30,1985.98,104.75,55.62,2.55,0.93,2
2022-03-31,1992.85,104.61,56.49,2.54,0.93,0
2022-04-01,2049.47,104.35,56.12,2.43,0.94,0
2022-04-04,2035.05,104.56,56.0,2.33,0.99,2
2022-04-05,2023.19,104.44,54.85,2.33,0.97,0
2022-04-06,2009.29,104.76,54.43,2.36,0.95,0
2022-04-07,1997.03,104.94,54.83,2.38,0.94,0
2022-04-08,1982.99,105.15,55.87,2.39,0.94,0
2022-04-11,2010.25,104.74,54.98,2.45,0.9,1
2022-04-12,2043.25,105.1,54.69,2.42,0.9,2
2022-04-13,2030.42,105.18,54.57,2.46,0.94,0
2022-04-14,2011.7,105.07,53.45,2.38,0.94,1
2022-04-15,2022.83,105.11,53.92,2.34,0.93,2
2022-04-18,2010.56,104.58,53.34,2.25,0.92,1
2022-04-19,2025.39,104.7,53.19,2.23,0.94,1
2022-04-20,2030.41,104.39,52.83,2.23,0.92,0
2022-04-21,1996.16,103.99,52.2,2.24,0.96,2
2022-04-22,2031.85,103.53,52.19,2.24,1.0,2
2022-04-25,2074.0,103.86,52.02,2.19,1.0,2
2022-04-26,2060.0,103.67,51.72,2.18,1.0,2
2022-04-27,2051.32,104.14,51.14,2.11,1.02,1
2022-04-28,2058.34,103.97,51.39,2.18,1.05,1
2022-04-29,2066.52,103.46,52.72,2.16,1.03,2
2022-05-02,2082.37,103.13,52.83,2.14,1.02,1
2022-05-03,2130.75,103.5,53.62,2.22,0.99,0
2022-05-04,2126.85,103.45,52.51,2.15,1.0,0
2022-05-05,2108.05,103.29,52.64,2.1,1.01,1
2022-05-06,2075.7,103.33,51.76,2.04,0.99,2
2022-05-09,2058.92,103.49,50.58,2.04,0.98,0
2022-05-10,2058.51,103.82,49.99,2.06,0.95,0
2022-05-11,2101.19,104.25,50.94,2.1,0.93,2
2022-05-12,2089.26,104.15,51.7,2.23,0.94,0
2022-05-13,2094.93,103.75,51.9,2.11,0.93,1
2022-05-16,2094.9,103.63,50.67,2.14,0.92,0
2022-05-17,2123.69,103.7,50.51,2.12,0.89,2
2022-05-18,2185.8,103.41,50.75,2.09,0.9,2
2022-05-19,2173.06,103.13,50.89,2.06,0.89,2
2022-05-20,2161.41,103.23,49.42,2.01,0.88,2
2022-05-23,2187.53,103.22,48.71,2.1,0.88,1
2022-05-24,2204.9,103.23,48.66,2.14,0.88,2
2022-05-25,2251.94,103.0,49.08,2.14,0.86,2
2022-05-26,2267.3,102.93,47.33,2.21,0.83,1
2022-05-27,2258.47,102.65,47.2,2.13,0.87,1
2022-05-30,2274.04,102.92,47.31,2.06,0.86,2
2022-05-31,2303.21,103.23,47.99,1.96,0.86,2
2022-06-01,2325.14,102.68,48.55,1.92,0.88,2
2022-06-02,2338.96,102.4,49.01,1.93,0.95,2
2022-06-03,2367.84,101.95,48.37,1.93,0.92,0
2022-06-06,2399.86,101.75,46.85,1.94,0.93,0
2022-06-07,2438.19,101.73,46.53,1.87,0.92,0
2022-06-08,2456.62,101.29,47.33,1.91,0.91,1
2022-06-09,2452.39,101.02,48.45,1.92,0.89,2
2022-06-10,2456.9,100.71,49.02,1.96,0.87,0
2022-06-13,2491.18,100.78,49.36,1.86,0.87,0
2022-06-14,2468.64,100.8,49.66,1.88,0.84,0
2022-06-15,2479.41,100.58,49.22,1.82,0.86,0
2022-06-16,2468.8,100.63,49.11,1.8,0.86,1
2022-06-17,2470.04,100.47,50.45,1.83,0.87,1
2022-06-20,2506.54,100.39,49.7,1.83,0.86,1
2022-06-21,2512.42,100.89,50.99,1.79,0.85,1
2022-06-22,2514.18,101.29,50.73,1.79,0.86,2
2022-06-23,2476.14,100.9,51.79,1.71,0.83,1
2022-06-24,2497.61,101.15,50.66,1.77,0.83,1
2022-06-27,2516.4,101.4,51.13,1.76,0.81,0
2022-06-28,2579.33,101.05,50.54,1.82,0.79,0
2022-06-29,2570.79,101.3,49.41,1.79,0.75,1
2022-06-30,2577.64,101.76,49.59,1.76,0.77,2
2022-07-01,2585.39,101.42,50.39,1.73,0.76,2
2022-07-04,2632.5,101.15,49.72,1.77,0.78,1
2022-07-05,2630.12,101.45,48.52,1.73,0.81,1
2022-07-06,2638.91,101.53,48.45,1.77,0.78,2
2022-07-07,2657.62,101.7,48.38,1.75,0.76,2
2022-07-08,2663.72,101.8,48.81,1.65,0.81,0
2022-07-11,2650.73,101.92,49.57,1.62,0.84,1
2022-07-12,2657.03,101.52,49.53,1.56,0.84,0
2022-07-13,2690.04,101.83,51.01,1.56,0.85,0
2022-07-14,2659.37,102.18,51.19,1.5,0.84,1
2022-07-15,2663.85,102.12,50.91,1.55,0.84,0
2022-07-18,2643.25,102.1,49.62,1.54,0.83,0
2022-07-19,2679.77,101.64,49.41,1.54,0.79,1
2022-07-20,2634.34,101.8,49.14,1.57,0.76,2
2022-07-21,2618.16,101.97,49.91,1.62,0.76,2
2022-07-22,2629.84,101.95,50.28,1.62,0.74,1
2022-07-25,2677.4,102.29,49.34,1.58,0.74,2
2022-07-26,2675.87,102.19,49.48,1.49,0.72,1
2022-07-27,2659.54,102.36,50.01,1.45,0.7,2
2022-07-28,2717.35,102.05,51.24,1.42,0.72,1
2022-07-29,2673.56,102.04,51.95,1.43,0.72,1
2022-08-01,2608.18,101.99,52.56,1.41,0.72,0
2022-08-02,2621.68,102.06,52.6,1.45,0.74,0
2022-08-03,2607.26,101.95,52.91,1.42,0.75,2
2022-08-04,2577.69,101.91,53.91,1.41,0.78,1
2022-08-05,2598.93,102.16,52.85,1.47,0.77,1
2022-08-08,2606.57,102.03,52.57,1.49,0.76,0
2022-08-09,2590.4,101.54,51.95,1.49,0.74,0
2022-08-10,2553.51,102.07,52.25,1.46,0.73,1
2022-08-11,2579.35,102.48,53.24,1.42,0.75,0
2022-08-12,2598.89,102.1,52.76,1.38,0.77,2
2022-08-15,2596.42,102.3,50.85,1.35,0.79,2
2022-08-16,2651.82,102.15,50.52,1.39,0.76,2
2022-08-17,2620.29,102.23,51.25,1.38,0.78,1
2022-08-18,2575.8,102.32,51.68,1.31,0.74,2
2022-08-19,2556.12,102.25,52.02,1.4,0.76,1
2022-08-22,2555.24,102.01,51.8,1.42,0.75,0
2022-08-23,2562.75,101.81,50.77,1.35,0.77,0
2022-08-24,2556.19,101.53,51.19,1.33,0.74,2
2022-08-25,2566.86,101.28,50.52,1.33,0.76,2
2022-08-26,2531.13,101.26,52.27,1.42,0.73,2
2022-08-29,2573.36,101.05,52.72,1.36,0.72,2
2022-08-30,2571.41,101.25,52.26,1.41,0.7,2
2022-08-31,2604.65,101.7,51.77,1.48,0.67,2
2022-09-01,2615.24,101.52,51.69,1.45,0.67,0
2022-09-02,2629.28,101.6,51.5,1.43,0.7,1
2022-09-05,2646.78,101.75,52.4,1.38,0.76,1
2022-09-06,2660.71,101.89,52.55,1.37,0.76,1
2022-09-07,2680.64,101.91,51.96,1.37,0.78,0
2022-09-08,2721.82,102.13,53.47,1.4,0.79,0
2022-09-09,2728.37,102.28,53.51,1.46,0.8,0
2022-09-12,2750.87,101.91,54.13,1.42,0.79,2
2022-09-13,2748.55,102.17,53.64,1.32,0.79,2
2022-09-14,2794.28,102.43,53.93,1.32,0.8,1
2022-09-15,2773.42,102.2,54.18,1.34,0.79,1
2022-09-16,2831.13,102.22,52.67,1.35,0.79,0
2022-09-19,2830.33,102.42,54.28,1.33,0.79,1
2022-09-20,2785.27,102.36,55.31,1.34,0.81,2
2022-09-21,2789.8,102.68,54.99,1.41,0.78,0
2022-09-22,2768.82,103.39,54.11,1.43,0.78,0
2022-09-23,2795.82,103.15,54.39,1.41,0.82,2
2022-09-26,2775.69,102.74,54.46,1.39,0.84,2
2022-09-27,2762.17,102.83,54.74,1.38,0.87,1
2022-09-28,2704.08,103.05,54.9,1.46,0.87,2
2022-09-29,2690.72,102.98,55.3,1.45,0.88,0
2022-09-30,2618.23,103.41,56.46,1.45,0.9,1
2022-10-03,2572.07,103.01,56.92,1.43,0.93,1
2022-10-04,2594.8,103.22,56.08,1.48,0.89,0
2022-10-05,2618.48,103.04,57.17,1.58,0.86,1
2022-10-06,2631.6,103.55,58.48,1.6,0.89,1
2022-10-07,2603.35,104.15,61.0,1.61,0.89,0
2022-10-10,2602.4,103.92,60.1,1.61,0.87,2
2022-10-11,2602.74,103.76,60.3,1.49,0.85,1
2022-10-12,2569.23,104.01,58.63,1.53,0.84,1
2022-10-13,2613.85,103.9,59.07,1.53,0.81,2
2022-10-14,2640.45,103.88,58.63,1.56,0.85,1
2022-10-17,2634.3,103.89,60.17,1.52,0.85,2
2022-10-18,2635.56,103.32,59.55,1.5,0.85,0
2022-10-19,2642.25,103.31,58.2,1.48,0.86,1
2022-10-20,2582.23,103.1,57.82,1.53,0.88,1
2022-10-21,2575.45,102.96,56.24,1.51,0.9,1
2022-10-24,2556.06,103.39,56.84,1.62,0.92,1
2022-10-25,2527.63,103.01,55.19,1.64,0.91,1
2022-10-26,2520.02,103.26,55.22,1.57,0.9,0
2022-10-27,2572.37,103.17,53.55,1.57,0.92,1
2022-10-28,2591.58,103.09,53.3,1.54,0.91,0
2022-10-31,2575.29,103.33,54.61,1.43,0.91,0
2022-11-01,2592.52,103.43,54.9,1.51,0.91,1
2022-11-02,2634.44,103.6,54.21,1.54,0.93,1
2022-11-03,2662.67,103.89,54.18,1.57,0.89,1
2022-11-04,2664.93,103.79,54.2,1.58,0.91,1
2022-11-07,2645.92,103.61,54.58,1.51,0.9,2
2022-11-08,2667.41,103.28,53.48,1.48,0.92,1
2022-11-09,2679.8,103.03,53.96,1.52,0.93,2
2022-11-10,2707.62,103.92,51.79,1.47,0.97,0
2022-11-11,2727.66,104.29,51.29,1.35,0.99,0
2022-11-14,2760.8,103.89,50.9,1.33,1.02,0
2022-11-15,2744.57,103.49,51.41,1.33,1.05,2
2022-11-16,2786.36,103.63,51.42,1.33,1.05,1
2022-11-17,2793.09,103.8,50.3,1.37,1.05,1
2022-11-18,2860.1,103.96,49.51,1.4,1.07,0
2022-11-21,2838.32,103.89,49.67,1.42,1.09,1
2022-11-22,2895.25,103.85,49.61,1.48,1.08,0
2022-11-23,2902.26,103.95,49.14,1.4,1.09,0
2022-11-24,2881.4,103.97,48.76,1.42,1.09,0
2022-11-25,2866.13,103.31,49.32,1.46,1.07,0
2022-11-28,2856.24,103.24,48.9,1.39,1.1,0
2022-11-29,2870.51,102.98,48.83,1.32,1.1,2
2022-11-30,2888.08,103.04,50.57,1.28,1.14,2
2022-12-01,2869.85,103.93,49.43,1.25,1.11,0
2022-12-02,2869.56,104.04,47.95,1.29,1.09,0
2022-12-05,2940.63,103.95,48.57,1.26,1.1,2
2022-12-06,2999.32,104.22,48.03,1.21,1.12,0
2022-12-07,3014.72,104.37,47.78,1.18,1.13,0
2022-12-08,3016.54,104.49,47.15,1.24,1.13,2
2022-12-09,3021.17,104.68,46.94,1.24,1.11,0
2022-12-12,3042.79,105.29,48.22,1.23,1.09,1
2022-12-13,3008.23,104.95,48.86,1.22,1.09,2
2022-12-14,2999.99,105.1,49.55,1.29,1.07,1
2022-12-15,2944.27,104.82,48.42,1.25,1.06,2
2022-12-16,2958.14,104.99,47.5,1.32,1.07,2
2022-12-19,2980.45,104.71,45.23,1.33,1.05,2
2022-12-20,2964.68,104.58,44.58,1.32,1.08,1
2022-12-21,3018.59,104.5,45.35,1.44,1.1,0
2022-12-22,2977.45,104.79,45.76,1.39,1.07,0
2022-12-23,2928.92,105.06,45.58,1.37,1.05,1
2022-12-26,2936.9,104.69,45.57,1.31,1.01,1
2022-12-27,2972.49,104.71,45.01,1.36,0.99,0
2022-12-28,3030.32,104.49,45.18,1.44,1.01,0
2022-12-29,3015.12,104.12,45.79,1.53,1.0,1
2022-12-30,3052.75,104.05,44.5,1.59,1.01,0
2023-01-02,3051.95,103.96,44.74,1.58,0.98,2
2023-01-03,3046.51,104.69,45.48,1.56,0.99,2
2023-01-04,3077.73,104.82,45.15,1.48,0.98,2
2023-01-05,3101.11,104.4,45.71,1.58,0.98,0
2023-01-06,3046.7,104.23,47.96,1.6,0.98,2
2023-01-09,3098.68,104.54,47.88,1.58,0.95,2
2023-01-10,3148.1,105.17,48.2,1.64,0.93,1
2023-01-11,3126.39,104.69,47.6,1.6,0.95,1
2023-01-12,3141.0,104.13,47.75,1.62,0.96,0
2023-01-13,3159.2,104.69,48.12,1.61,0.98,0
2023-01-16,3169.1,104.81,48.27,1.64,0.99,0
2023-01-17,3149.93,104.55,47.46,1.64,0.99,0
2023-01-18,3126.58,104.71,47.62,1.56,0.95,2
2023-01-19,3126.22,103.91,48.79,1.57,0.95,0
2023-01-20,3168.62,103.92,49.15,1.62,0.95,1
2023-01-23,3188.76,104.01,49.92,1.62,0.99,2
2023-01-24,3175.94,104.29,49.73,1.66,1.0,1
2023-01-25,3204.41,103.99,50.33,1.6,1.03,2
2023-01-26,3103.1,104.01,50.56,1.6,1.04,1
2023-01-27,3144.33,103.74,49.79,1.57,1.03,2
2023-01-30,3083.45,103.81,50.05,1.61,1.03,1
2023-01-31,3071.34,103.54,49.26,1.61,1.04,1
2023-02-01,3033.12,103.42,48.75,1.65,1.02,1
2023-02-02,2989.44,103.12,48.9,1.7,1.01,2
2023-02-03,3029.57,103.32,49.14,1.73,1.01,2
2023-02-06,3014.07,103.58,48.19,1.75,1.04,0
2023-02-07,3026.46,103.5,49.03,1.7,1.0,2
2023-02-08,3025.38,103.52,49.49,1.7,1.02,0
2023-02-09,3042.32,103.08,48.92,1.67,1.0,0
2023-02-10,3045.5,102.99,47.69,1.65,0.97,2
2023-02-13,3002.03,102.98,47.58,1.64,1.0,1
2023-02-14,3036.67,103.76,47.22,1.59,1.01,1
2023-02-15,3020.24,103.43,47.31,1.49,1.04,2
2023-02-16,2967.91,103.87,47.02,1.46,1.05,2
2023-02-17,2954.05,104.17,45.42,1.47,1.1,2
2023-02-20,3005.28,104.25,45.11,1.4,1.11,2
2023-02-21,3034.92,104.78,44.86,1.4,1.1,1
2023-02-22,3023.47,104.89,45.37,1.49,1.11,2
2023-02-23,3012.04,105.01,44.81,1.54,1.14,0
2023-02-24,3001.6,104.99,46.15,1.63,1.12,2
2023-02-27,3073.65,105.36,44.62,1.65,1.11,0
2023-02-28,3087.53,105.69,45.67,1.7,1.1,0
2023-03-01,3103.16,105.5,45.49,1.67,1.06,0
2023-03-02,3140.17,105.1,46.18,1.64,1.06,1
2023-03-03,3149.23,105.04,46.24,1.5,1.02,1
2023-03-06,3140.54,104.8,47.16,1.56,1.02,2
2023-03-07,3134.1,104.78,46.85,1.64,1.04,2
2023-03-08,3132.1,105.16,45.97,1.61,1.03,1
2023-03-09,3131.33,105.02,47.1,1.6,1.07,2
2023-03-10,3157.82,105.01,47.01,1.56,1.04,0
2023-03-13,3160.23,105.02,47.19,1.58,1.06,0
2023-03-14,3187.14,105.28,48.18,1.63,1.07,1
2023-03-15,3184.78,104.6,47.35,1.55,1.04,2
2023-03-16,3188.18,104.42,47.83,1.57,1.09,2
2023-03-17,3117.29,104.48,47.36,1.55,1.09,0
2023-03-20,3150.4,104.84,47.25,1.56,1.07,0
2023-03-21,3163.35,104.7,47.31,1.58,1.05,1
2023-03-22,3199.91,104.13,46.11,1.57,1.04,0
2023-03-23,3097.07,104.32,45.49,1.57,1.04,1
2023-03-24,3171.83,104.13,46.57,1.56,1.04,1
2023-03-27,3167.37,103.77,47.27,1.6,1.04,0
2023-03-28,3207.97,103.59,47.22,1.63,1.05,2
2023-03-29,3170.92,103.53,47.42,1.64,1.04,0
2023-03-30,3193.58,103.35,47.18,1.57,1.0,1
2023-03-31,3156.21,102.69,48.27,1.55,1.0,0
2023-04-03,3134.51,102.96,48.11,1.6,0.95,2
2023-04-04,3203.84,103.34,48.29,1.6,0.96,2
2023-04-05,3197.48,103.53,49.21,1.63,0.94,2
2023-04-06,3205.93,103.19,48.59,1.72,0.94,0
2023-04-07,3238.28,103.13,49.84,1.77,0.97,2
2023-04-10,3257.1,103.13,48.61,1.78,0.95,1
2023-04-11,3263.22,103.31,49.92,1.75,0.97,1
2023-04-12,3277.32,103.51,49.62,1.63,0.96,1
2023-04-13,3368.45,103.29,49.42,1.62,1.0,0
2023-04-14,3366.84,103.31,47.91,1.6,0.99,2
2023-04-17,3375.11,103.45,47.55,1.62,0.97,2
2023-04-18,3416.15,103.89,46.72,1.61,0.99,1
2023-04-19,3459.85,104.1,46.23,1.6,0.98,1
2023-04-20,3507.34,104.34,46.12,1.51,0.96,1
2023-04-21,3533.45,104.36,46.89,1.46,0.95,1
2023-04-24,3488.55,104.79,47.05,1.48,0.95,0
2023-04-25,3554.39,104.91,47.3,1.57,0.98,2
2023-04-26,3509.09,104.65,46.42,1.57,0.94,2
2023-04-27,3521.77,105.07,45.72,1.58,0.94,0
2023-04-28,3492.38,105.28,47.16,1.63,0.95,2
2023-05-01,3490.45,105.15,46.57,1.59,0.96,0
2023-05-02,3504.1,105.0,47.89,1.61,0.98,1
2023-05-03,3517.5,105.09,47.7,1.57,0.98,0
2023-05-04,3534.98,105.23,47.7,1.61,0.98,0
2023-05-05,3600.89,105.29,48.56,1.62,0.99,2
2023-05-08,3620.08,105.38,49.57,1.64,0.99,1
2023-05-09,3610.7,105.89,49.49,1.6,0.98,1
2023-05-10,3651.02,106.22,49.17,1.63,0.99,1
2023-05-11,3701.24,106.27,49.13,1.74,0.98,2
2023-05-12,3650.71,106.55,49.4,1.69,0.97,0
2023-05-15,3676.16,106.25,50.11,1.67,0.96,2
2023-05-16,3706.15,106.36,50.12,1.68,0.98,2
2023-05-17,3694.31,106.91,50.61,1.72,0.92,1
2023-05-18,3753.04,106.84,51.92,1.69,0.93,0
2023-05-19,3747.31,106.59,52.23,1.55,0.93,2
2023-05-22,3753.31,106.39,52.48,1.62,0.9,0
2023-05-23,3746.6,106.07,51.26,1.66,0.9,2
2023-05-24,3747.91,105.83,49.16,1.57,0.91,1
2023-05-25,3702.25,105.72,49.47,1.54,0.92,1
2023-05-26,3642.93,105.3,49.39,1.62,0.87,2
2023-05-29,3710.03,105.3,48.98,1.69,0.9,2
2023-05-30,3675.21,105.57,49.18,1.74,0.88,2
2023-05-31,3634.76,105.3,49.13,1.73,0.9,0
2023-06-01,3547.7,105.76,50.03,1.73,0.91,2
2023-06-02,3522.7,105.91,50.1,1.73,0.89,2
2023-06-05,3470.85,106.22,49.5,1.78,0.91,2
2023-06-06,3536.7,106.02,50.29,1.74,0.9,0
2023-06-07,3578.05,106.28,50.12,1.7,0.86,1
2023-06-08,3550.85,105.95,50.54,1.75,0.88,2
2023-06-09,3643.34,106.22,50.16,1.75,0.87,0
2023-06-12,3684.77,106.27,49.64,1.81,0.85,0
2023-06-13,3671.86,106.43,49.71,1.78,0.84,0
2023-06-14,3569.88,106.08,49.72,1.78,0.85,0
2023-06-15,3664.46,105.81,50.1,1.73,0.84,0
2023-06-16,3607.81,105.99,49.88,1.73,0.86,1
2023-06-19,3541.73,105.71,48.42,1.66,0.83,2
2023-06-20,3583.66,105.85,48.07,1.63,0.81,0
2023-06-21,3684.83,105.44,48.7,1.56,0.81,0
2023-06-22,3743.77,105.69,48.47,1.6,0.85,1
2023-06-23,3768.44,105.32,48.27,1.63,0.85,1
2023-06-26,3794.6,105.49,49.06,1.55,0.87,1
2023-06-27,3832.16,105.67,48.49,1.61,0.87,2
2023-06-28,3865.95,105.47,47.25,1.74,0.86,1
2023-06-29,3878.97,105.64,47.13,1.74,0.85,2
2023-06-30,3884.24,105.72,46.74,1.71,0.85,1
2023-07-03,3882.15,105.56,45.97,1.85,0.86,1
2023-07-04,3849.78,105.25,45.83,1.78,0.89,1
2023-07-05,3838.21,104.67,46.22,1.78,0.9,1
2023-07-06,3765.89,104.77,46.21,1.79,0.92,2
2023-07-07,3762.35,104.3,46.46,1.86,0.9,2
2023-07-10,3721.05,104.33,47.91,1.88,0.89,0
2023-07-11,3675.42,104.25,47.63,1.85,0.88,1
2023-07-12,3683.56,104.45,47.86,1.81,0.89,1
2023-07-13,3742.82,104.36,47.45,1.79,0.88,0
2023-07-14,3782.65,104.26,46.77,1.74,0.89,2
2023-07-17,3716.53,104.48,46.3,1.74,0.88,1
2023-07-18,3675.7,104.58,45.92,1.71,0.88,2
2023-07-19,3715.76,104.68,46.21,1.64,0.89,0
2023-07-20,3675.24,104.82,48.09,1.7,0.85,1
2023-07-21,3666.53,104.36,47.51,1.68,0.89,0
2023-07-24,3690.11,104.59,47.18,1.61,0.89,1
2023-07-25,3650.45,104.77,47.13,1.6,0.84,2
2023-07-26,3655.45,104.47,47.45,1.61,0.85,1
2023-07-27,3601.19,104.39,47.66,1.52,0.85,2
2023-07-28,3577.34,104.38,48.69,1.54,0.85,1
2023-07-31,3590.96,104.34,46.74,1.48,0.87,2
2023-08-01,3527.29,104.44,44.84,1.57,0.88,1
2023-08-02,3545.57,104.87,44.44,1.6,0.89,2
2023-08-03,3545.4,105.19,45.32,1.58,0.9,2
2023-08-04,3568.3,104.8,44.06,1.54,0.89,2
2023-08-07,3577.99,104.99,41.66,1.53,0.93,0
2023-08-08,3634.4,105.39,42.11,1.56,0.9,2
2023-08-09,3640.19,105.5,42.31,1.56,0.9,1
2023-08-10,3623.14,105.83,41.44,1.55,0.9,1
2023-08-11,3628.8,106.43,40.65,1.56,0.92,0
2023-08-14,3651.86,106.74,39.87,1.53,0.9,1
2023-08-15,3654.52,106.81,39.96,1.51,0.87,2
2023-08-16,3656.84,107.13,39.46,1.4,0.87,1
2023-08-17,3628.48,107.17,39.86,1.45,0.88,0
2023-08-18,3601.93,107.18,37.57,1.47,0.91,0
2023-08-21,3545.71,107.07,36.89,1.43,0.88,0
2023-08-22,3617.39,107.54,35.99,1.52,0.91,0
2023-08-23,3567.34,107.3,35.78,1.53,0.95,1
2023-08-24,3540.04,107.76,35.35,1.48,0.94,0
2023-08-25,3511.93,107.91,35.99,1.52,0.92,1
2023-08-28,3548.37,107.49,34.5,1.54,0.91,2
2023-08-29,3537.13,107.6,34.54,1.56,0.91,2
2023-08-30,3588.16,106.97,34.98,1.54,0.92,2
2023-08-31,3561.48,107.15,36.47,1.56,0.91,1
2023-09-01,3573.38,107.42,36.08,1.55,0.94,1
2023-09-04,3540.31,107.24,36.34,1.57,0.92,1
2023-09-05,3628.11,107.28,34.9,1.48,0.88,1
2023-09-06,3580.21,107.87,32.99,1.46,0.91,1
2023-09-07,3593.43,107.71,33.66,1.54,0.86,0
2023-09-08,3619.98,107.4,33.66,1.51,0.86,1
2023-09-11,3637.63,107.84,34.6,1.48,0.92,0
2023-09-12,3630.63,108.43,33.5,1.45,0.92,2
2023-09-13,3625.92,108.43,33.92,1.39,0.9,0
2023-09-14,3628.35,108.73,35.41,1.28,0.9,1
2023-09-15,3622.94,109.14,35.75,1.27,0.89,1
2023-09-18,3663.39,108.91,35.97,1.28,0.9,0
2023-09-19,3757.02,108.77,35.98,1.27,0.91,1
2023-09-20,3734.0,109.14,34.72,1.27,0.89,0
2023-09-21,3677.09,109.64,35.8,1.27,0.92,1
2023-09-22,3674.05,109.81,35.32,1.32,0.93,2
2023-09-25,3783.76,109.55,35.72,1.31,0.94,2
2023-09-26,3750.09,110.14,34.47,1.28,0.93,0
2023-09-27,3821.11,109.98,33.53,1.27,0.96,1
2023-09-28,3895.17,109.88,34.67,1.3,0.95,1
2023-09-29,3871.47,109.99,34.4,1.37,0.96,2
2023-10-02,3897.2,110.45,35.56,1.34,0.94,0
2023-10-03,3970.52,110.71,35.5,1.34,0.92,1
2023-10-04,3954.18,110.83,34.02,1.36,0.93,1
2023-10-05,3945.74,110.97,34.74,1.31,0.92,1
2023-10-06,3920.49,110.99,34.26,1.31,0.91,2
2023-10-09,3876.31,111.15,34.82,1.24,0.89,1
2023-10-10,3848.54,110.39,34.84,1.15,0.91,0
2023-10-11,3796.16,110.31,33.61,1.17,0.9,0
2023-10-12,3798.29,110.38,33.74,1.15,0.89,0
2023-10-13,3765.93,110.03,35.5,1.16,0.89,2
2023-10-16,3776.58,110.15,35.89,1.16,0.85,2
2023-10-17,3711.18,110.09,35.85,1.11,0.83,0
2023-10-18,3725.78,110.61,36.71,1.11,0.83,1
2023-10-19,3761.81,111.09,36.87,1.04,0.82,0
2023-10-20,3678.36,110.95,37.04,1.11,0.84,0
2023-10-23,3694.64,110.9,36.17,1.05,0.86,0
2023-10-24,3747.08,110.88,36.36,1.04,0.87,0
2023-10-25,3696.68,110.74,37.18,0.98,0.91,1
2023-10-26,3768.11,110.8,36.52,1.01,0.91,0
2023-10-27,3786.72,110.57,37.66,1.0,0.92,1
2023-10-30,3757.22,110.23,37.58,0.97,0.91,2
2023-10-31,3755.5,110.42,36.87,1.01,0.96,1
2023-11-01,3780.0,110.61,37.67,1.01,1.0,2
2023-11-02,3783.92,110.37,37.44,1.04,1.0,1
2023-11-03,3807.77,110.64,38.05,0.99,1.0,0
2023-11-06,3768.88,110.45,37.81,0.92,1.03,2
2023-11-07,3776.78,110.52,37.77,0.93,1.03,1
2023-11-08,3717.37,110.77,38.16,0.91,1.02,2
2023-11-09,3713.33,110.76,38.39,0.94,1.03,0
2023-11-10,3676.1,110.9,36.8,0.94,1.03,0
2023-11-13,3646.2,110.74,35.9,0.95,1.04,1
2023-11-14,3698.31,110.68,36.64,0.87,1.02,0
2023-11-15,3745.01,110.62,36.54,0.96,0.99,0
2023-11-16,3771.62,110.4,36.12,0.95,0.99,0
2023-11-17,3725.84,110.34,35.03,0.99,1.01,0
2023-11-20,3713.15,109.88,34.17,0.95,1.01,0
2023-11-21,3765.23,109.73,32.55,0.96,1.03,1
2023-11-22,3771.94,109.65,32.47,0.9,1.02,1
2023-11-23,3873.13,109.57,31.99,0.92,1.0,1
2023-11-24,3891.11,109.5,31.22,0.9,1.0,1
2023-11-27,3900.27,109.48,31.16,0.9,1.0,2
2023-11-28,3887.3,109.62,31.46,0.94,1.01,2
2023-11-29,3893.87,109.89,33.13,0.87,1.0,1
2023-11-30,3887.82,109.69,31.92,0.84,1.02,2
2023-12-01,3919.84,109.33,32.85,0.86,1.06,0
2023-12-04,3963.29,109.02,33.63,0.97,1.06,2
2023-12-05,3928.8,108.87,33.0,0.96,1.09,2
2023-12-06,3870.62,108.76,33.17,0.99,1.07,2
2023-12-07,3791.52,108.53,32.8,0.99,1.09,1
2023-12-08,3814.09,108.15,32.95,1.08,1.11,1
2023-12-11,3767.32,108.01,34.16,1.0,1.13,1
2023-12-12,3677.11,108.06,34.64,1.0,1.13,2
2023-12-13,3693.99,108.24,35.05,0.92,1.07,1
2023-12-14,3800.56,108.07,34.7,0.79,1.05,2
2023-12-15,3800.96,107.95,33.52,0.81,1.04,1
2023-12-18,3837.93,107.67,33.35,0.82,1.02,2
2023-12-19,3842.16,107.66,34.31,0.8,1.02,1
2023-12-20,3838.53,107.41,33.09,0.8,1.02,1
2023-12-21,3879.41,107.58,32.25,0.95,1.0,1
2023-12-22,3867.34,107.04,32.35,0.94,0.98,0
2023-12-25,3879.75,106.94,31.56,0.96,0.96,1
2023-12-26,3894.61,107.03,30.93,0.93,0.99,2
2023-12-27,3865.89,107.08,30.59,0.95,0.97,1
2023-12-28,3910.3,107.89,29.5,0.93,0.96,1
2023-12-29,3903.23,107.99,28.72,0.91,0.95,2
2024-01-01,3870.6,107.69,29.28,1.0,0.96,1
2024-01-02,3894.89,107.66,28.23,1.06,0.97,2
2024-01-03,3856.08,107.13,26.95,1.07,0.91,2
2024-01-04,3857.99,107.11,26.45,0.95,0.93,1
2024-01-05,3858.26,106.86,27.04,0.94,0.96,1
2024-01-08,3906.74,107.13,26.88,1.07,0.94,1
2024-01-09,3928.5,106.97,26.51,1.06,0.92,2
2024-01-10,3928.07,106.93,26.54,1.12,0.91,0
2024-01-11,3965.35,106.74,25.15,1.19,0.89,0
2024-01-12,4029.06,107.26,25.54,1.2,0.9,2
2024-01-15,4055.33,107.17,25.85,1.16,0.86,1
2024-01-16,4056.51,107.72,25.52,1.03,0.84,2
2024-01-17,3997.31,107.96,26.33,1.07,0.87,2
2024-01-18,3950.01,108.11,25.42,1.03,0.85,0
2024-01-19,3937.05,108.22,26.33,1.04,0.87,2
2024-01-22,3910.61,108.33,26.45,0.97,0.88,2
2024-01-23,3903.01,107.76,26.18,0.96,0.84,1
2024-01-24,3906.19,107.67,26.16,0.96,0.86,0
2024-01-25,3930.41,107.93,26.08,0.98,0.85,0
2024-01-26,3927.95,107.91,27.06,0.92,0.85,1
2024-01-29,3950.37,107.49,26.19,0.98,0.85,2
2024-01-30,3953.94,107.47,25.58,0.95,0.86,1
2024-01-31,3867.03,107.99,26.41,0.87,0.87,0
2024-02-01,3826.73,108.36,25.94,0.86,0.9,0
2024-02-02,3821.14,108.34,26.66,0.86,0.91,1
2024-02-05,3769.74,108.63,28.02,0.87,0.88,2
2024-02-06,3796.13,108.52,27.69,0.94,0.87,2
2024-02-07,3863.27,108.01,28.24,0.93,0.93,0
2024-02-08,3917.71,107.73,27.32,0.92,0.94,1
2024-02-09,3908.92,108.2,27.92,0.87,0.99,1
2024-02-12,3976.25,108.11,28.08,0.91,1.02,1
2024-02-13,3983.65,108.04,28.46,0.92,1.02,1
2024-02-14,3969.14,107.95,27.94,0.9,1.03,0
2024-02-15,3942.31,108.52,26.61,0.8,1.03,2
2024-02-16,3929.5,109.01,27.02,0.87,0.99,0
2024-02-19,3912.92,109.68,25.37,0.81,0.99,2
2024-02-20,3921.17,109.63,25.11,0.78,1.02,0
2024-02-21,3929.0,109.72,25.86,0.8,1.01,0
2024-02-22,3929.82,109.26,26.02,0.74,1.01,2
2024-02-23,3950.02,109.71,27.58,0.66,1.03,0
2024-02-26,4004.41,109.35,28.4,0.56,1.01,2
2024-02-27,4048.46,109.42,27.87,0.59,1.0,1
2024-02-28,3981.56,109.09,27.9,0.57,0.98,1
2024-02-29,3868.58,108.91,27.86,0.71,0.97,2
2024-03-01,3910.47,108.66,26.59,0.66,0.94,0
2024-03-04,3850.99,108.48,25.84,0.62,0.92,2
2024-03-05,3841.86,108.32,25.39,0.59,0.95,2
2024-03-06,3791.88,108.15,23.76,0.6,0.93,1
2024-03-07,3715.84,108.4,23.8,0.58,0.94,0
2024-03-08,3739.37,108.07,23.6,0.61,0.93,1
2024-03-11,3772.35,108.14,22.26,0.56,0.95,0
2024-03-12,3748.43,108.5,22.59,0.49,0.98,2
2024-03-13,3640.53,108.35,23.16,0.4,0.99,1
2024-03-14,3618.68,108.14,23.34,0.29,1.0,0
2024-03-15,3635.43,108.07,23.08,0.26,0.99,2
2024-03-18,3575.59,108.42,23.55,0.25,0.97,1
2024-03-19,3583.66,108.48,24.1,0.22,1.01,2
2024-03-20,3583.66,108.32,24.34,0.28,0.99,0
2024-03-21,3607.9,108.46,23.68,0.34,1.01,2
2024-03-22,3613.43,108.13,23.91,0.32,1.03,1
2024-03-25,3574.4,108.34,24.86,0.23,1.02,1
2024-03-26,3623.85,108.46,24.38,0.21,1.04,0
2024-03-27,3617.97,108.37,26.06,0.18,1.05,1
2024-03-28,3617.48,108.12,25.64,0.14,1.09,2
2024-03-29,3580.03,107.85,25.67,0.11,1.08,1
2024-04-01,3562.7,108.01,25.13,0.08,1.05,2
2024-04-02,3527.74,108.38,25.31,0.06,1.04,0
2024-04-03,3521.44,108.19,23.92,0.02,1.05,1
2024-04-04,3591.08,108.33,23.48,0.04,1.05,1
2024-04-05,3536.27,107.7,22.6,0.05,1.04,0
2024-04-08,3472.76,107.52,22.71,0.01,1.0,0
2024-04-09,3531.79,107.51,23.51,0.07,1.01,1
2024-04-10,3524.03,107.24,24.03,0.02,1.05,2
2024-04-11,3498.0,106.96,22.13,-0.06,1.06,1
2024-04-12,3540.11,106.76,23.76,-0.04,1.07,0
2024-04-15,3516.49,106.85,24.0,-0.08,1.08,0
2024-04-16,3590.69,106.79,23.38,-0.06,1.09,1
2024-04-17,3619.02,106.12,23.5,-0.18,1.11,2
2024-04-18,3599.68,105.48,23.64,-0.12,1.12,1
2024-04-19,3689.46,105.3,23.11,-0.08,1.11,1
2024-04-22,3664.85,105.44,23.27,-0.16,1.1,1
2024-04-23,3696.46,104.62,22.78,-0.23,1.09,0
2024-04-24,3709.67,104.47,22.46,-0.15,1.1,0
2024-04-25,3765.48,104.31,21.91,-0.18,1.09,0
2024-04-26,3833.42,104.72,20.76,-0.23,1.1,1
2024-04-29,3835.47,104.61,20.88,-0.34,1.11,1
2024-04-30,3803.51,104.72,21.35,-0.36,1.12,2
2024-05-01,3824.06,104.77,21.76,-0.37,1.15,1
2024-05-02,3795.45,104.13,22.42,-0.33,1.15,2
2024-05-03,3883.77,104.36,22.68,-0.4,1.12,1
2024-05-06,3890.46,104.42,22.25,-0.48,1.12,2
2024-05-07,3875.05,104.57,22.92,-0.46,1.12,1
2024-05-08,3883.85,105.75,21.84,-0.4,1.08,0
2024-05-09,3825.64,105.13,21.11,-0.48,1.11,1
2024-05-10,3784.38,105.64,20.34,-0.43,1.11,1
2024-05-13,3836.91,105.56,21.21,-0.43,1.12,1
2024-05-14,3809.1,105.64,21.96,-0.37,1.15,1
2024-05-15,3764.81,105.63,22.35,-0.38,1.13,1
2024-05-16,3788.44,105.5,23.21,-0.5,1.15,0
2024-05-17,3840.39,105.33,22.51,-0.51,1.14,0
2024-05-20,3872.5,105.43,22.78,-0.46,1.14,2
2024-05-21,3917.16,104.98,22.68,-0.5,1.12,0
2024-05-22,3884.37,105.2,23.36,-0.52,1.16,0
2024-05-23,3822.91,105.08,23.27,-0.53,1.15,0
2024-05-24,3889.22,104.74,22.96,-0.68,1.16,0
2024-05-27,3875.69,104.6,23.39,-0.59,1.13,0
2024-05-28,3865.36,104.98,24.1,-0.64,1.15,2
2024-05-29,3924.69,104.82,23.56,-0.61,1.17,1
2024-05-30,3950.21,104.93,23.51,-0.62,1.17,1
2024-05-31,3971.37,104.71,22.67,-0.55,1.17,0
2024-06-03,4070.78,104.93,20.67,-0.53,1.18,1
2024-06-04,4041.89,105.14,20.83,-0.54,1.22,2
2024-06-05,4085.35,105.69,21.31,-0.59,1.19,2
2024-06-06,4088.7,105.64,21.52,-0.55,1.2,1
2024-06-07,4101.88,105.84,19.96,-0.64,1.18,1
2024-06-10,4174.32,105.87,19.68,-0.61,1.18,0
2024-06-11,4199.15,106.26,17.91,-0.67,1.18,0
2024-06-12,4225.6,106.05,19.0,-0.6,1.17,1
2024-06-13,4278.04,106.27,18.14,-0.59,1.17,2
2024-06-14,4261.12,106.21,19.14,-0.56,1.15,0
2024-06-17,4221.49,106.19,19.9,-0.56,1.17,1
2024-06-18,4172.5,106.22,19.18,-0.65,1.13,1
2024-06-19,4081.21,106.29,18.27,-0.69,1.14,2
2024-06-20,4178.21,106.26,18.55,-0.66,1.14,1
2024-06-21,4126.98,106.32,17.88,-0.65,1.11,2
2024-06-24,4117.36,106.8,17.96,-0.59,1.12,0
2024-06-25,4105.17,107.09,17.57,-0.57,1.09,0
2024-06-26,4120.22,107.35,16.15,-0.62,1.09,2
2024-06-27,4159.23,107.22,14.36,-0.66,1.06,2
2024-06-28,4200.74,106.95,14.54,-0.65,1.07,1
2024-07-01,4173.78,107.24,14.09,-0.77,1.05,1
2024-07-02,4166.61,107.5,13.65,-0.68,1.04,2
2024-07-03,4180.7,107.94,14.21,-0.66,1.05,0
2024-07-04,4169.66,107.76,15.15,-0.6,1.03,1
2024-07-05,4247.09,107.69,14.93,-0.68,1.03,2
2024-07-08,4271.54,107.2,14.66,-0.62,1.0,1
2024-07-09,4308.03,107.08,15.06,-0.5,1.01,1
2024-07-10,4341.29,107.38,13.97,-0.57,1.05,1
2024-07-11,4400.2,107.24,14.15,-0.53,1.1,0
2024-07-12,4410.01,107.43,14.59,-0.53,1.1,0
2024-07-15,4346.39,107.38,15.13,-0.61,1.12,1
2024-07-16,4366.89,107.47,13.59,-0.58,1.08,1
2024-07-17,4335.51,107.13,12.98,-0.54,1.11,1
2024-07-18,4310.35,107.15,12.27,-0.57,1.13,0
2024-07-19,4339.86,106.26,12.35,-0.51,1.12,1
2024-07-22,4401.99,106.2,12.74,-0.6,1.15,2
2024-07-23,4403.82,105.71,13.94,-0.67,1.14,1
2024-07-24,4420.04,106.07,13.54,-0.67,1.13,2
2024-07-25,4506.96,106.31,13.14,-0.66,1.14,1
2024-07-26,4520.07,106.45,14.06,-0.7,1.12,2
2024-07-29,4656.2,106.9,14.3,-0.66,1.14,1
2024-07-30,4686.97,106.62,15.31,-0.63,1.12,1
2024-07-31,4595.12,107.14,15.54,-0.59,1.1,2
2024-08-01,4635.35,107.42,14.62,-0.6,1.08,2
2024-08-02,4656.23,107.35,13.55,-0.57,1.09,0
2024-08-05,4725.65,107.69,12.31,-0.59,1.08,2
2024-08-06,4762.69,107.36,12.84,-0.49,1.06,0
2024-08-07,4756.04,107.11,13.79,-0.53,1.04,2
2024-08-08,4691.29,106.93,15.27,-0.42,1.04,1
2024-08-09,4681.0,106.77,15.94,-0.42,1.02,0
2024-08-12,4636.88,106.45,16.87,-0.49,1.0,0
2024-08-13,4607.26,106.82,16.41,-0.42,1.04,1
2024-08-14,4638.91,106.74,15.49,-0.41,1.02,2
2024-08-15,4728.41,106.85,16.17,-0.37,1.01,1
2024-08-16,4750.44,106.68,16.5,-0.31,1.01,1
2024-08-19,4687.28,106.13,16.59,-0.29,1.0,0
2024-08-20,4711.78,106.21,16.9,-0.32,1.01,0
2024-08-21,4776.98,105.64,17.15,-0.27,1.03,1
2024-08-22,4744.89,105.62,18.18,-0.27,1.02,1
2024-08-23,4738.51,105.21,19.22,-0.24,1.0,2
2024-08-26,4740.12,105.8,19.65,-0.35,1.02,1
2024-08-27,4698.94,106.08,20.33,-0.33,1.02,0
2024-08-28,4734.43,106.11,20.74,-0.36,1.06,2
2024-08-29,4728.76,106.49,20.37,-0.27,1.01,0
2024-08-30,4752.14,106.24,20.98,-0.24,1.02,2
2024-09-02,4705.37,106.4,19.86,-0.23,1.05,2
2024-09-03,4682.91,106.46,20.7,-0.21,1.05,0
2024-09-04,4722.24,106.54,19.75,-0.26,1.04,0
2024-09-05,4703.14,106.92,19.98,-0.18,1.05,0
2024-09-06,4796.98,107.14,19.3,-0.08,1.04,0
2024-09-09,4776.12,107.23,19.74,-0.06,1.03,2
2024-09-10,4789.13,106.73,19.72,0.02,1.03,1
2024-09-11,4840.89,106.44,18.44,-0.01,1.01,1
2024-09-12,4764.48,106.4,18.78,-0.05,1.04,1
2024-09-13,4671.11,106.43,18.32,-0.04,1.05,1
2024-09-16,4591.8,106.09,19.02,-0.02,1.05,1
2024-09-17,4658.82,106.82,19.02,-0.04,1.07,2
2024-09-18,4630.56,107.27,19.34,-0.01,1.06,0
2024-09-19,4767.68,107.45,18.57,0.0,1.05,0
2024-09-20,4738.09,107.47,18.1,-0.05,1.03,0
2024-09-23,4748.85,107.41,17.73,-0.02,1.03,2
2024-09-24,4833.45,107.12,18.42,0.02,1.01,0
2024-09-25,4945.52,107.15,19.76,0.03,1.0,2
2024-09-26,5063.36,107.23,19.12,0.09,0.99,1
2024-09-27,5134.11,106.85,19.98,0.03,1.04,2
2024-09-30,5194.98,106.95,18.24,0.05,0.98,0
