Date,Production_kg,Equipment_Efficiency,Workers_Count,Rainfall_mm,Energy_Cost_USD,Downtime_Days,Safety_Incidents,Avg_Gold_Price_USD,Revenue_USD,Profit_USD
2014-01-01,534.1,63.5,490,73.79,107439.39,2,2,1776.67,30507974.18,28826701.52
2014-02-01,633.99,95.83,262,105.7,54082.02,0,4,1651.55,33662892.73,32804308.53
2014-03-01,471.75,77.42,227,122.92,64308.25,9,2,1573.06,23857973.1,22904674.08
2014-04-01,689.78,97.72,345,114.41,59398.89,0,1,1601.0,35504586.71,34515799.99
2014-05-01,618.3,80.5,487,97.77,99394.26,1,0,1581.03,31428375.51,29846044.34
2014-06-01,574.96,88.78,268,45.73,52291.45,4,3,1594.58,29475632.54,28633735.14
2014-07-01,507.64,60.27,451,135.3,54578.22,2,1,1580.6,25796108.94,24780370.26
2014-08-01,497.49,78.87,361,52.17,110317.18,6,4,1604.98,25670276.38,24057670.25
2014-09-01,574.76,88.02,309,71.95,96470.58,1,3,1692.32,31271563.81,29866716.9
2014-10-01,600.04,89.75,552,101.21,110030.4,1,4,1727.96,33334810.59,31572845.81
2014-11-01,500.66,66.01,331,102.7,51148.42,2,2,1819.47,29286693.06,28408112.01
2014-12-01,608.67,75.92,597,97.17,71918.43,0,1,1819.76,35610503.0,34269881.81
2015-01-01,586.04,75.92,470,67.99,62652.09,1,0,1760.85,33176472.95,32048647.83
2015-02-01,495.78,63.94,387,61.79,40774.49,4,1,1774.43,28282986.2,27484092.36
2015-03-01,562.37,76.84,219,156.04,62761.84,2,1,1887.79,34131870.06,33203528.02
2015-04-01,535.04,90.67,475,78.82,70366.66,9,3,1963.5,33775231.52,32550831.6
2015-05-01,529.1,71.41,376,75.15,47377.57,5,2,1902.49,32362348.38,31493017.53
2015-06-01,568.91,76.44,298,58.59,85319.0,1,1,2009.31,36751554.03,35489325.97
2015-07-01,554.14,96.52,446,87.34,70653.81,7,1,2029.32,36153818.69,34949172.94
2015-08-01,506.39,61.2,523,85.94,43716.93,3,0,2130.01,34677600.42,33734597.22
2015-09-01,529.82,82.48,217,79.51,96318.31,2,4,2102.04,35805422.14,34476002.43
2015-10-01,565.01,88.25,488,91.45,98342.39,4,3,1980.56,35977140.57,34406631.93
2015-11-01,482.57,88.91,324,132.91,106757.72,7,1,2022.21,31373714.2,29833421.61
2015-12-01,502.45,87.21,519,62.15,78843.25,8,4,1970.35,31828560.66,30467241.68
2016-01-01,599.13,87.61,352,81.29,117492.7,0,0,1811.45,34892231.73,33200719.29
2016-02-01,502.44,62.24,268,60.56,113125.13,3,2,1749.07,28253779.54,26681877.96
2016-03-01,547.05,80.3,345,88.84,84108.13,5,0,1754.65,30860280.48,29574982.92
2016-04-01,566.63,89.75,244,62.95,75596.15,5,2,1793.98,32681226.3,31578872.44
2016-05-01,468.17,63.57,565,64.24,40242.75,8,0,1894.02,28508130.9,27573217.85
2016-06-01,535.52,60.46,219,36.21,96879.56,0,1,1903.45,32771639.82,31433885.07
2016-07-01,590.7,90.95,490,82.93,85196.36,4,2,1882.02,35741380.91,34327024.59
2016-08-01,459.2,87.07,446,92.89,115003.53,9,3,1827.2,26975638.25,25238795.87
2016-09-01,563.98,75.66,589,135.81,87538.57,0,1,1821.87,33033833.08,31512170.24
2016-10-01,554.64,95.74,546,94.09,119428.49,5,3,1784.06,31812892.88,29942951.03
2016-11-01,483.23,89.13,402,66.51,108305.54,8,3,1735.04,26955134.58,25333868.08
2016-12-01,566.23,96.78,208,39.21,116287.83,3,3,1806.56,32887017.23,31325163.21
2017-01-01,512.48,95.31,379,43.36,66213.02,9,3,1870.34,30815897.0,29718140.74
2017-02-01,479.66,78.29,355,41.13,51946.88,9,0,1896.25,29241940.81,28334578.25
2017-03-01,526.77,88.68,218,136.34,103749.77,8,0,1982.72,33579000.61,32159603.38
2017-04-01,622.97,85.43,302,88.63,102895.77,2,2,2029.52,40648502.61,39172153.4
2017-05-01,563.08,90.83,445,62.51,56915.92,6,2,2155.13,39014146.02,37975155.03
2017-06-01,568.9,89.93,284,51.2,101179.57,4,3,2471.14,45197647.9,43756293.03
2017-07-01,429.0,65.82,518,54.32,86557.87,9,0,2654.21,36607727.69,35154633.26
2017-08-01,580.34,68.88,550,61.72,48762.01,0,1,2585.41,48238646.92,47213502.78
2017-09-01,454.96,70.1,433,119.49,80142.69,6,1,2731.91,39959160.83,38651048.57
2017-10-01,498.53,91.1,334,79.1,114491.04,7,0,2593.41,41566785.56,39925693.08
2017-11-01,504.73,90.81,236,36.58,80516.6,5,0,2769.37,44938770.09,43783770.84
2017-12-01,593.35,78.82,544,149.31,103095.92,0,3,2980.13,56849742.48,55177391.45
2018-01-01,470.35,82.07,291,45.8,42312.8,8,2,3123.14,47227348.98,46486795.39
2018-02-01,579.29,91.42,491,62.27,98246.51,6,1,3021.26,56268515.86,54696757.71
2018-03-01,499.92,71.88,216,119.3,115746.99,5,0,3156.73,50736209.28,49174445.39
2018-04-01,541.72,61.91,289,92.45,79962.22,3,2,3368.55,58667750.08,57477003.41
2018-05-01,612.19,78.34,547,65.9,67016.79,2,2,3655.29,71942966.86,70701165.35
2018-06-01,607.7,94.72,364,43.06,91732.04,3,2,3664.88,71602977.97,70210993.49
2018-07-01,643.23,90.04,452,51.0,113300.9,0,2,3710.44,76731243.48,75010032.71
2018-08-01,453.64,73.93,504,52.81,54141.57,8,1,3587.05,52316034.97,51263136.1
2018-09-01,488.45,62.46,280,80.21,72295.54,1,0,3681.34,57810504.47,56718958.03
2018-10-01,577.65,84.2,383,85.73,52503.22,1,0,3801.5,70598833.56,69662394.89
2018-11-01,606.58,91.71,489,75.54,79732.34,2,4,3781.59,73746563.64,72398575.58
2018-12-01,614.33,85.27,448,78.82,83233.76,0,1,3845.11,75944186.47,74586981.34
2019-01-01,447.57,76.15,414,48.48,115536.29,9,1,3932.23,56582819.69,54865184.22
2019-02-01,531.69,64.69,357,88.79,73001.21,2,3,3916.69,66950992.25,65789377.7
2019-03-01,643.07,94.61,378,118.42,85356.53,3,3,3678.28,76047303.33,74720624.98
2019-04-01,513.86,70.49,592,75.12,110821.01,8,4,3619.55,59796826.72,57993374.65
2019-05-01,507.51,68.52,219,74.53,65712.4,4,2,3859.82,62978765.5,62015016.7
2019-06-01,565.91,91.01,346,82.49,93933.11,5,0,4150.5,75513953.01,74109955.7
2019-07-01,645.94,97.29,267,113.55,100572.95,0,1,4372.13,90795689.7,89375214.33
2019-08-01,562.01,85.09,276,53.16,66442.26,2,1,4708.36,85073200.56,84055093.46
2019-09-01,511.91,83.74,301,123.53,53147.29,6,1,4798.08,78966145.91,78087578.38
2019-10-01,448.75,72.14,339,92.64,80232.76,6,0,4798.08,69223949.73,67989956.57
2019-11-01,411.18,60.78,580,80.86,68544.14,9,1,4798.08,63427536.71,62141007.04
2019-12-01,542.96,67.29,272,116.4,61316.99,0,0,4798.08,83755960.19,82802556.26
2020-01-01,476.63,82.21,406,44.54,117873.7,8,2,4798.08,73524489.79,71785205.33
2020-02-01,555.61,65.75,412,95.66,80172.24,0,1,4798.08,85706802.15,84415135.25
2020-03-01,566.86,93.59,278,92.91,108518.22,6,1,4798.08,87443202.34,85918583.75
2020-04-01,578.09,67.15,312,51.94,55625.39,1,3,4798.08,89174752.92,88257648.21
2020-05-01,532.94,79.84,452,93.82,115155.42,8,1,4798.08,82209953.73,80466488.68
2020-06-01,485.17,79.46,332,88.5,103554.51,8,0,4798.08,74840684.15,73332429.97
2020-07-01,499.7,82.95,396,74.64,104695.37,8,2,4798.08,77082976.98,75509832.51
2020-08-01,503.41,72.44,224,105.88,71181.19,3,1,4798.08,77655729.65,76622355.37
2020-09-01,552.55,93.19,300,62.85,78850.96,5,3,4798.08,85235053.87,84048842.36
2020-10-01,556.41,76.88,444,88.11,87468.35,1,0,4798.08,85830153.91,84425333.76
2020-11-01,549.28,86.61,230,76.05,103181.24,2,0,4798.08,84730471.49,83308296.57
2020-12-01,540.02,84.16,489,61.56,107924.54,5,4,4798.08,83302555.17,81616260.69
2021-01-01,567.79,64.45,455,95.09,46243.62,0,1,4798.08,87586227.01,86667303.51
2021-02-01,557.53,83.66,405,73.77,112324.99,6,0,4798.08,86004128.02,84332228.12
2021-03-01,607.68,80.93,267,35.81,114999.73,1,1,4798.08,93740243.58,92146646.8
2021-04-01,580.4,94.15,414,25.97,87430.99,7,2,4798.08,89531418.08,88151046.17
2021-05-01,589.3,93.47,321,103.67,54940.05,4,0,4798.08,90904254.5,89988173.91
2021-06-01,462.58,65.74,245,43.38,105473.19,6,1,4798.08,71356422.62,69894744.38
2021-07-01,434.85,63.1,268,88.38,83887.01,7,1,4798.08,67079765.72,65858721.61
2021-08-01,519.81,71.19,226,81.65,105375.72,2,1,4798.08,80185030.79,78739722.19
2021-09-01,548.55,97.49,370,68.94,105184.65,5,2,4798.08,84618217.71,83060001.91
2021-10-01,407.45,60.82,444,138.7,46938.35,8,3,4798.08,62852662.88,61934202.74
2021-11-01,558.34,85.57,500,85.39,88561.71,3,2,4798.08,86127830.15,84665089.58
2021-12-01,491.58,83.12,473,102.67,78651.54,9,0,4798.08,75829722.92,74507504.4
2022-01-01,538.35,84.57,487,88.54,115689.56,6,0,4798.08,83044802.6,81266927.91
2022-02-01,597.08,68.29,448,73.05,63731.3,0,1,4798.08,92104896.84,90981721.2
2022-03-01,487.92,68.62,201,79.43,56480.01,6,1,4798.08,75265235.0,74426674.9
2022-04-01,488.32,76.36,219,123.76,111766.95,8,3,4798.08,75327319.97,73810916.59
2022-05-01,465.01,63.64,493,112.64,51897.25,9,0,4798.08,71731936.72,70714769.78
2022-06-01,473.91,62.84,456,138.56,94921.56,7,1,4798.08,73104392.21,71600533.53
2022-07-01,513.16,63.36,448,86.65,64001.59,3,1,4798.08,79159579.15,78033160.13
2022-08-01,591.96,81.77,597,53.69,85427.66,2,0,4798.08,91314704.93,89811973.01
2022-09-01,471.65,75.11,352,66.78,89297.55,6,1,4798.08,72755983.81,71402813.16
2022-10-01,551.66,71.16,336,44.37,73389.54,0,3,4798.08,85097402.4,83947927.89
2022-11-01,467.44,72.0,421,103.01,117997.2,7,0,4798.08,72106355.76,70353589.38
2022-12-01,568.47,67.88,410,62.42,50546.65,0,1,4798.08,87691850.5,86757290.65
2023-01-01,494.1,75.64,388,11.66,71311.93,6,2,4798.08,76218562.57,75052419.45
2023-02-01,485.05,67.72,431,153.91,74431.63,5,3,4798.08,74823267.08,73585287.57
2023-03-01,535.81,86.53,335,62.88,90483.76,9,3,4798.08,82652824.02,81299018.95
2023-04-01,475.13,64.71,215,62.7,72580.78,7,0,4798.08,73293007.66,72250038.29
2023-05-01,603.49,96.03,313,130.15,47762.88,5,0,4798.08,93093970.25,92270415.68
2023-06-01,513.85,63.41,463,43.75,115794.4,4,0,4798.08,79264982.43,77505049.63
2023-07-01,524.36,95.85,478,114.1,73286.33,8,0,4798.08,80887115.81,79625279.9
2023-08-01,551.76,91.67,272,62.38,67413.9,3,0,4798.08,85113038.06,84086471.28
2023-09-01,510.22,85.87,423,40.29,75737.77,6,1,4798.08,78705934.44,77458681.2
2023-10-01,533.59,94.67,233,131.17,57327.65,5,3,4798.08,82310724.09,81436392.23
2023-11-01,425.98,65.29,444,107.69,48017.73,9,1,4798.08,65711490.28,64780077.46
2023-12-01,486.16,66.7,437,107.6,51886.28,5,2,4798.08,74993626.31,74021390.97
2024-01-01,507.15,69.58,217,91.03,53332.39,4,3,4798.08,78232188.93,77418600.3
2024-02-01,589.07,69.3,564,97.97,55813.88,1,2,4798.08,90869461.73,89748495.23
2024-03-01,546.31,71.81,243,43.04,73596.82,3,1,4798.08,84273474.14,83195912.34
2024-04-01,625.35,81.87,342,83.35,89911.94,0,0,4798.08,96464909.1,95112365.8
2024-05-01,428.65,61.07,214,52.14,90311.03,8,0,4798.08,66122983.05,64868050.73
2024-06-01,465.82,74.53,292,38.33,40007.81,8,1,4798.08,71857010.6,71143316.93
2024-07-01,488.16,69.36,582,92.33,113676.61,7,1,4798.08,75303063.12,73473343.76
2024-08-01,560.71,83.05,576,114.74,105827.77,3,2,4798.08,86493971.88,84763238.59
2024-09-01,576.69,97.44,478,68.5,117115.04,4,2,4798.08,88959335.88,87171555.36
2024-10-01,580.78,79.67,414,73.64,68798.91,0,1,4798.08,89590034.66,88433247.77
2024-11-01,509.16,76.18,448,45.86,93183.94,3,1,4798.08,78542011.24,77065403.93
2024-12-01,534.73,73.99,270,80.22,53441.66,3,3,4798.08,82486078.45,81628778.53
2025-01-01,589.11,89.83,308,102.8,105362.64,4,2,4798.08,90874774.93,89364023.23
2025-02-01,578.33,62.74,487,103.75,52909.42,1,0,4798.08,89211792.15,88187279.14
2025-03-01,692.39,96.47,569,96.36,66078.86,1,3,4798.08,106806694.41,105558548.14
2025-04-01,613.06,75.88,359,61.45,79266.79,1,1,4798.08,94569871.42,93331469.96
2025-05-01,522.2,71.92,488,60.5,87562.53,7,2,4798.08,80553587.7,79112437.3
2025-06-01,660.33,97.01,370,103.86,84770.64,1,1,4798.08,101861450.73,100548203.03
2025-07-01,566.22,95.56,212,104.36,48167.68,5,1,4798.08,87344003.74,86596391.56
2025-08-01,595.26,84.39,571,74.84,73734.08,1,2,4798.08,91824084.12,90482475.15
2025-09-01,425.87,60.7,419,67.21,113832.74,7,1,4798.08,65693459.45,63992266.56
2025-10-01,631.28,88.44,592,115.02,109789.48,0,1,4798.08,97379966.64,95588892.86
2025-11-01,550.9,72.75,384,69.2,87262.68,1,2,4798.08,84980648.09,83626295.91
2025-12-01,544.87,74.75,522,102.38,85785.97,4,1,4798.08,84050835.04,82603803.45
2026-01-01,510.6,66.03,408,75.89,48934.01,5,1,4798.08,78764165.23,77850557.05
2026-02-01,510.21,79.89,487,48.57,56020.76,8,2,4798.08,78704668.51,77642819.44
2026-03-01,589.49,88.29,528,128.37,60211.18,5,2,4798.08,90934385.82,89789451.67
2026-04-01,536.94,70.37,560,83.6,79055.66,7,0,4798.08,82827647.74,81430979.84
2026-05-01,620.39,95.67,584,58.68,98508.48,6,1,4798.08,95700593.17,94051291.36
2026-06-01,600.7,67.4,568,38.28,76858.03,0,2,4798.08,92662825.84,91286129.5
2026-07-01,533.33,62.52,305,41.3,50084.88,1,1,4798.08,82270597.25,81425578.65
2026-08-01,564.11,84.49,411,68.81,75147.91,3,0,4798.08,87018820.89,85788245.97
2026-09-01,638.63,92.27,524,137.75,53010.66,0,2,4798.08,98513416.86,97458088.93
2026-10-01,543.88,96.22,431,62.46,100091.79,7,0,4798.08,83898578.82,82352677.37
2026-11-01,561.56,89.15,412,123.42,53320.07,3,0,4798.08,86625954.47,85656513.65
2026-12-01,486.01,67.59,524,76.08,78602.72,6,1,4798.08,74971605.25,73609172.62
2027-01-01,576.52,97.15,395,44.57,95473.09,6,3,4798.08,88933521.69,87471844.63
2027-02-01,552.84,94.94,448,65.8,58255.85,7,0,4798.08,85280133.7,84222663.56
2027-03-01,514.41,66.2,516,41.57,46082.41,8,0,4798.08,79351596.28,78385807.38
2027-04-01,535.36,81.23,463,54.32,85063.96,8,2,4798.08,82583174.79,81192007.29
2027-05-01,565.82,81.11,416,53.43,44336.21,6,0,4798.08,87282271.33,86417436.77
2027-06-01,488.9,76.82,462,22.89,87021.49,8,3,4798.08,75416527.47,74002669.57
2027-07-01,621.89,97.4,369,125.38,100279.88,4,2,4798.08,95931781.0,94433222.41
2027-08-01,402.37,62.27,355,86.33,66345.28,9,1,4798.08,62068467.37,60988324.02
2027-09-01,518.07,83.83,269,59.41,79067.95,3,1,4798.08,79915855.17,78751839.74
2027-10-01,506.24,67.8,433,86.65,114300.95,2,2,4798.08,78092132.29,76374120.93
2027-11-01,485.99,80.04,253,54.94,77688.71,5,1,4798.08,74968438.99,73833774.48
2027-12-01,481.98,89.63,369,0.13,119724.32,9,0,4798.08,74350073.98,72618182.08
2028-01-01,432.74,69.38,235,168.7,52560.19,8,1,4798.08,66753720.63,65934998.31
2028-02-01,589.14,74.95,521,85.69,96714.71,3,0,4798.08,90880035.36,89302658.82
2028-03-01,681.14,96.13,458,62.33,92209.49,1,1,4798.08,105070917.27,103598003.41
2028-04-01,651.18,88.94,450,21.98,109784.39,2,4,4798.08,100450343.48,98772930.85
2028-05-01,601.12,81.76,212,35.18,47395.46,2,2,4798.08,92727173.17,91988827.69
2028-06-01,573.09,68.44,358,129.63,62416.53,1,1,4798.08,88403140.97,87367742.64
2028-07-01,450.2,76.16,228,125.06,50574.34,8,1,4798.08,69447455.88,68658163.83
2028-08-01,553.33,89.41,256,102.6,114647.61,3,2,4798.08,85354955.83,83774384.52
2028-09-01,573.55,91.18,360,46.55,74130.83,2,3,4798.08,88475045.32,87297475.41
2028-10-01,413.23,69.3,465,125.3,112805.27,9,1,4798.08,63743741.74,62018078.52
2028-11-01,549.17,85.16,429,93.49,63552.56,5,1,4798.08,84714555.8,83608725.09
2028-12-01,442.6,63.61,518,99.65,50109.45,7,1,4798.08,68274820.63,67259107.25
2029-01-01,480.24,60.88,528,93.39,63722.98,7,1,4798.08,74080987.0,72893911.22
2029-02-01,486.3,80.85,392,34.79,87773.95,9,2,4798.08,75016188.53,73649301.14
2029-03-01,508.89,68.53,307,44.06,107618.61,5,0,4798.08,78500075.09,76963051.8
2029-04-01,554.07,63.0,556,64.69,70831.26,4,3,4798.08,85470481.89,84175706.82
2029-05-01,602.3,87.73,551,99.31,113184.69,6,0,4798.08,92909614.25,91110597.94
2029-06-01,596.16,78.92,552,38.59,59538.56,2,2,4798.08,91961873.12,90805810.35
2029-07-01,516.09,90.26,457,74.74,95483.25,9,1,4798.08,79611387.47,78099988.41
2029-08-01,604.06,85.23,309,74.7,98857.07,1,2,4798.08,93180717.83,91747233.01
2029-09-01,509.91,87.73,329,103.78,61917.03,7,0,4798.08,78657089.87,77650885.47
2029-10-01,417.55,71.68,322,100.24,42157.59,8,2,4798.08,64410984.01,63647492.93
2029-11-01,474.33,70.0,315,49.69,69218.99,5,4,4798.08,73169263.02,72086635.17
2029-12-01,551.24,82.83,429,123.4,43615.69,3,2,4798.08,85033121.52,84166533.22
2030-01-01,516.76,67.6,492,45.1,112060.3,5,2,4798.08,79715049.7,77976726.07
2030-02-01,594.21,90.99,585,112.77,116282.02,6,1,4798.08,91661564.63,89798180.37
2030-03-01,545.62,79.87,432,63.5,98830.39,7,2,4798.08,84167031.54,82635466.82
2030-04-01,584.19,68.63,516,84.92,98134.77,2,3,4798.08,90116077.92,88525660.72
2030-05-01,574.91,83.76,433,86.78,59271.41,5,2,4798.08,88684023.83,87626366.87
2030-06-01,563.55,95.91,495,85.93,45914.05,9,5,4798.08,86932077.77,85985109.21
2030-07-01,500.18,63.12,390,100.23,104168.37,5,0,4798.08,77157193.04,75595172.59
2030-08-01,418.19,64.16,224,91.74,84732.95,9,0,4798.08,64508465.95,63312470.49
2030-09-01,568.91,92.07,578,103.51,94530.2,6,0,4798.08,87758728.84,86161966.41
2030-10-01,474.27,64.16,365,93.94,102371.29,3,0,4798.08,73160099.88,71639644.46
2030-11-01,481.8,61.5,492,42.07,72754.74,5,1,4798.08,74321035.61,73054378.71
2030-12-01,567.15,73.22,409,88.09,51563.73,1,4,4798.08,87487536.48,86541571.75
2031-01-01,495.09,77.73,226,63.08,103602.94,7,1,4798.08,76372202.36,74948167.03
2031-02-01,617.53,81.64,539,46.72,76301.25,2,2,4798.08,95259528.74,93912713.73
2031-03-01,509.54,79.28,377,71.3,106153.94,8,1,4798.08,78601335.35,77025888.09
2031-04-01,567.82,94.7,243,85.5,75015.93,7,2,4798.08,87590901.09,86496309.91
2031-05-01,583.7,89.21,271,87.49,57361.31,5,1,4798.08,90040852.25,89135716.5
2031-06-01,571.19,97.38,587,111.68,53680.4,9,2,4798.08,88110195.29,86996430.47
2031-07-01,608.67,78.11,421,119.22,99513.74,1,0,4798.08,93891809.56,92360844.67
2031-08-01,447.83,63.2,510,90.09,85991.13,7,1,4798.08,69082085.68,67642192.12
2031-09-01,557.08,96.31,427,95.51,72368.23,5,2,4798.08,85934674.0,84724655.22
2031-10-01,524.74,60.16,528,82.86,79369.34,0,0,4798.08,80944852.75,79570020.66
2031-11-01,546.32,89.49,432,103.02,83971.09,5,2,4798.08,84274500.44,82921247.38
2031-12-01,484.45,61.19,467,94.61,59153.32,4,1,4798.08,74730613.09,73647173.31
2032-01-01,586.18,88.93,597,78.37,70253.25,5,2,4798.08,90423404.37,89102765.41
2032-02-01,685.57,95.64,453,144.56,63392.92,0,0,4798.08,105754734.22,104631619.21
2032-03-01,561.91,74.79,362,63.61,71073.91,3,2,4798.08,86679505.16,85537018.27
2032-04-01,500.68,69.16,205,123.63,80044.98,6,1,4798.08,77233989.9,76109450.17
2032-05-01,538.35,68.6,246,39.37,53868.6,4,2,4798.08,83045190.89,82201967.65
2032-06-01,572.18,78.69,570,104.41,71481.21,5,1,4798.08,88262782.73,86949008.27
2032-07-01,545.96,66.49,267,123.1,70839.56,1,0,4798.08,84218093.55,83154418.88
2032-08-01,520.26,85.57,453,22.78,62880.31,7,1,4798.08,80253724.2,79136760.53
2032-09-01,422.77,74.0,258,84.17,119879.71,9,0,4798.08,65216391.57,63571435.1
2032-10-01,529.84,72.28,592,101.46,45890.2,3,1,4798.08,81731612.71,80707330.3
2032-11-01,490.6,77.53,318,87.56,91436.09,5,1,4798.08,75679661.9,74328028.81
2032-12-01,601.16,80.62,385,91.34,53955.09,2,1,4798.08,92733903.75,91778442.68
2033-01-01,446.18,65.39,247,84.09,107161.92,8,1,4798.08,68827272.58,67343729.55
2033-02-01,559.6,86.9,390,47.17,113135.72,7,0,4798.08,86322443.55,84652814.88
2033-03-01,623.26,93.55,464,151.04,72118.24,5,2,4798.08,96142448.11,94905829.25
2033-04-01,511.99,70.56,371,64.89,105878.28,8,1,4798.08,78978077.08,77410737.77
2033-05-01,461.13,66.85,245,93.02,59992.76,9,1,4798.08,71132700.7,70216787.63
2033-06-01,514.28,88.9,342,60.59,51205.48,8,3,4798.08,79332107.49,78444041.72
2033-07-01,561.56,66.97,445,11.72,65270.26,1,2,4798.08,86624776.19,85485533.05
2033-08-01,433.17,61.57,415,52.26,67333.92,8,1,4798.08,66819285.49,65679278.44
2033-09-01,498.89,83.53,375,36.57,71788.6,7,0,4798.08,76957207.67,75795744.43
2033-10-01,556.11,69.11,527,112.75,69836.72,1,2,4798.08,85784844.99,84525204.4
2033-11-01,440.6,66.53,583,61.79,72891.56,8,2,4798.08,67965827.62,66624728.95
2033-12-01,607.72,97.3,565,64.58,96802.67,4,2,4798.08,93746167.43,92132535.4
2034-01-01,470.16,71.09,344,48.07,59646.41,8,1,4798.08,72526757.81,71535800.89
2034-02-01,631.86,94.33,234,82.82,41486.05,2,3,4798.08,97468869.13,96783836.56
2034-03-01,562.34,66.77,331,58.51,79174.44,3,1,4798.08,86744879.59,85529986.26
2034-04-01,683.18,91.12,503,109.77,75863.3,0,2,4798.08,105386394.29,104073634.69
2034-05-01,608.12,79.08,597,89.06,44805.2,4,0,4798.08,93807481.58,92792219.19
2034-06-01,483.86,62.99,352,62.85,50704.11,6,3,4798.08,74640049.36,73750000.01
2034-07-01,560.69,87.88,501,105.51,80793.67,6,1,4798.08,86490580.0,85120255.95
2034-08-01,556.44,93.9,247,80.24,58780.06,5,2,4798.08,85835249.19,84932288.46
2034-09-01,457.67,66.19,367,80.64,110207.86,5,0,4798.08,70599727.76,68983633.4
2034-10-01,507.46,87.57,377,36.12,53863.4,7,1,4798.08,78279197.85,77331237.07
2034-11-01,469.38,76.91,462,77.87,41609.81,9,0,4798.08,72406138.65,71537220.92
2034-12-01,489.11,88.65,294,89.65,75805.1,8,1,4798.08,75449911.82,74305050.6
2035-01-01,627.48,87.13,515,120.01,118893.05,3,0,4798.08,96794344.37,94955627.79
2035-02-01,536.66,61.01,490,57.44,90709.8,3,0,4798.08,82783861.77,81303344.14
2035-03-01,511.33,66.79,429,148.34,68322.38,7,1,4798.08,78876747.6,77713679.07
2035-04-01,570.73,77.9,390,96.71,41349.44,4,0,4798.08,88040180.6,87231987.31
2035-05-01,574.65,95.48,343,34.42,78795.88,9,2,4798.08,88644931.15,87424980.65
2035-06-01,481.13,73.0,363,54.64,56517.28,8,3,4798.08,74218039.82,73249432.45
2035-07-01,542.08,83.9,218,122.63,91820.33,5,4,4798.08,83620331.36,82344087.44
2035-08-01,441.12,60.46,585,117.3,86640.68,8,1,4798.08,68046173.36,66538485.21
2035-09-01,557.97,87.02,267,80.54,61217.1,3,2,4798.08,86071943.57,85123738.35
2035-10-01,591.34,82.92,297,84.5,45510.62,0,0,4798.08,91218834.27,90435106.85
2035-11-01,549.76,87.19,206,45.06,100401.54,3,0,4798.08,84805550.47,83435932.04
2035-12-01,533.47,94.38,502,119.64,86837.13,8,2,4798.08,82291829.3,80848183.77
2036-01-01,485.85,65.57,376,50.37,107370.1,6,1,4798.08,74945870.19,73356628.99
2036-02-01,531.73,69.94,405,105.34,60784.0,5,0,4798.08,82024178.7,80970770.69
2036-03-01,699.72,97.84,498,120.56,92228.97,1,1,4798.08,107938014.91,106432867.33
2036-04-01,578.63,65.94,487,81.44,49494.44,3,2,4798.08,89258323.56,88274790.28
2036-05-01,681.39,87.38,428,109.03,63344.79,0,1,4798.08,105110592.62,104008055.11
2036-06-01,654.01,87.55,583,135.43,92523.13,2,0,4798.08,100886432.58,99309755.03
2036-07-01,618.5,85.95,318,88.04,106046.5,1,0,4798.08,95409009.68,93882051.63
2036-08-01,532.87,68.64,469,74.74,65674.04,3,2,4798.08,82198817.09,81035528.61
2036-09-01,488.9,68.18,280,77.99,103908.28,3,2,4798.08,75416949.66,73946050.25
2036-10-01,486.19,85.32,359,57.71,94220.2,8,2,4798.08,74998010.58,73580168.21
2036-11-01,477.75,67.08,387,57.03,67893.98,6,1,4798.08,73696649.0,72572321.22
2036-12-01,584.38,85.14,387,93.27,110111.76,2,3,4798.08,90145927.56,88514986.5
2037-01-01,533.19,78.72,507,75.08,80738.33,6,1,4798.08,82248270.61,80873810.71
2037-02-01,529.53,74.69,393,89.83,91859.75,7,0,4798.08,81684742.07,80268025.12
2037-03-01,555.62,71.41,459,35.3,79650.51,6,1,4798.08,85708617.18,84385611.1
2037-04-01,586.94,96.01,390,77.22,76217.6,7,0,4798.08,90540948.88,89314337.72
2037-05-01,561.57,79.31,488,110.9,107838.22,8,2,4798.08,86626921.72,84942463.11
2037-06-01,637.09,81.33,305,46.43,63576.35,0,2,4798.08,98276907.34,97269991.11
2037-07-01,538.77,96.07,328,80.5,42930.34,9,2,4798.08,83109555.12,82331991.07
2037-08-01,534.22,84.85,296,24.36,110382.61,5,1,4798.08,82408339.41,80846948.07
2037-09-01,590.78,96.4,263,40.84,106001.92,3,6,4798.08,91132994.22,89650571.22
2037-10-01,542.85,64.04,327,104.23,69324.84,0,1,4798.08,83739628.51,82646130.46
2037-11-01,612.59,92.17,422,70.72,54836.09,1,1,4798.08,94497610.44,93501977.35
2037-12-01,477.91,72.75,492,134.66,94042.69,9,0,4798.08,73721329.15,72199216.86
2038-01-01,629.12,90.8,581,92.97,46300.87,3,1,4798.08,97047451.91,96027041.44
2038-02-01,684.15,92.51,525,95.92,73900.38,0,0,4798.08,105534933.24,104228128.68
2038-03-01,553.53,70.32,590,47.71,46868.99,5,5,4798.08,85386360.53,84351932.7
2038-04-01,636.8,75.54,303,68.45,87832.77,0,0,4798.08,98231648.45,96935255.16
2038-05-01,550.76,87.59,351,58.02,42176.67,8,2,4798.08,84959040.52,84172120.48
2038-06-01,437.27,63.76,313,48.04,90339.07,9,1,4798.08,67452902.41,66118433.57
2038-07-01,607.45,88.71,254,99.92,93856.45,2,1,4798.08,93704435.6,92374958.25
2038-08-01,559.08,64.2,320,105.94,78971.56,0,1,4798.08,86242140.58,85038481.88
2038-09-01,565.6,94.75,416,91.97,54000.59,5,1,4798.08,87249116.36,86268309.33
2038-10-01,487.21,70.5,322,55.16,48111.52,5,2,4798.08,75155908.53,74320970.35
2038-11-01,494.74,81.87,202,89.92,65063.39,6,3,4798.08,76317504.78,75375144.12
2038-12-01,460.2,64.45,291,22.62,77216.53,6,1,4798.08,70989098.06,69829699.65
2039-01-01,447.44,70.24,363,119.69,91376.67,9,0,4798.08,69021741.51,67634821.53
2039-02-01,574.95,75.35,318,41.06,40100.01,3,1,4798.08,88690040.85,87954440.73
2039-03-01,585.55,78.51,596,46.39,96885.11,4,2,4798.08,90326100.31,88686678.95
2039-04-01,565.66,60.0,260,83.46,97016.95,2,1,4798.08,87257621.55,85885418.09
2039-05-01,630.81,93.77,413,86.12,75563.02,5,4,4798.08,97308289.94,96071133.65
2039-06-01,485.67,60.29,446,77.82,67472.52,6,1,4798.08,74918193.99,73751723.81
2039-07-01,522.73,89.4,434,46.7,107384.69,8,1,4798.08,80635695.16,78999878.94
2039-08-01,511.54,77.88,556,114.0,102767.0,8,1,4798.08,78909657.88,77231653.9
2039-09-01,554.87,79.91,571,29.42,118662.09,4,2,4798.08,85592965.87,83712220.83
2039-10-01,523.91,67.91,488,35.5,69754.46,3,2,4798.08,80817706.47,79590252.9
2039-11-01,507.05,83.08,277,76.79,112546.61,6,2,4798.08,78217042.53,76644883.23
2039-12-01,551.34,80.41,223,42.07,46992.15,2,3,4798.08,85049031.01,84306725.2
2040-01-01,558.3,66.24,507,116.68,72917.29,3,1,4798.08,86122196.48,84841589.06
2040-02-01,482.74,69.05,300,44.65,77229.93,8,3,4798.08,74466482.11,73299722.96
2040-03-01,557.08,62.54,571,126.71,75269.95,4,0,4798.08,85934737.43,84574698.09
2040-04-01,451.14,62.52,450,111.05,90007.86,9,1,4798.08,69591897.81,68151803.55
2040-05-01,501.14,60.52,322,117.05,53616.63,6,1,4798.08,77305322.02,76404322.49
2040-06-01,596.75,68.38,414,136.61,109316.17,1,0,4798.08,92054282.95,90411288.86
2040-07-01,529.16,85.83,461,82.44,84141.12,8,3,4798.08,81627151.41,80248657.96
2040-08-01,550.41,72.02,531,49.61,112336.76,4,2,4798.08,84904692.09,83131850.92
2040-09-01,545.57,73.02,545,76.91,40210.53,4,3,4798.08,84158517.3,83239990.92
2040-10-01,502.37,65.01,322,63.0,90399.05,3,2,4798.08,77494101.46,76151712.87
2040-11-01,491.46,81.87,451,58.72,72996.63,7,3,4798.08,75811361.33,74574601.79
2040-12-01,545.19,73.0,519,84.53,80407.92,3,2,4798.08,84100023.92,82719928.82
2041-01-01,641.85,85.7,597,70.65,99504.36,1,2,4798.08,99009892.24,97338239.91
2041-02-01,617.75,88.18,536,57.43,58172.14,4,0,4798.08,95292412.94,94165547.26
2041-03-01,633.94,82.22,357,72.64,56391.95,2,0,4798.08,97790472.43,96828168.97
2041-04-01,599.64,70.49,526,96.47,96240.63,3,1,4798.08,92499212.55,90923525.04
2041-05-01,614.46,79.33,348,108.69,81709.26,2,0,4798.08,94785549.45,93526638.32
2041-06-01,513.85,69.57,264,31.91,58691.13,6,4,4798.08,79265454.57,78349961.03
2041-07-01,604.5,94.31,568,70.9,78721.49,5,0,4798.08,93249207.21,91850149.32
2041-08-01,646.94,89.12,557,75.76,76764.67,1,0,4798.08,99796305.84,98429529.78
2041-09-01,475.49,78.73,203,44.52,95315.55,7,2,4798.08,73348053.18,72041866.53
2041-10-01,590.37,96.69,373,76.41,40212.89,4,1,4798.08,91068968.78,90288014.12
2041-11-01,531.17,80.78,335,84.44,86940.82,5,2,4798.08,81937044.52,80625754.66
2041-12-01,489.22,72.48,443,95.57,88454.25,7,4,4798.08,75465733.95,74049882.92
2042-01-01,454.9,63.63,259,82.31,99640.81,6,2,4798.08,70171399.28,68768509.55
2042-02-01,592.9,80.66,244,53.57,111138.44,2,5,4798.08,91460057.75,89931196.5
2042-03-01,672.17,92.7,271,140.36,75215.18,1,0,4798.08,103688445.98,102569063.77
2042-04-01,650.83,92.94,294,104.87,67401.62,2,2,4798.08,100395957.67,99351938.25
2042-05-01,534.61,82.97,230,96.58,48185.63,7,1,4798.08,82468547.61,81706320.05
2042-06-01,579.41,74.95,355,110.14,66946.87,3,2,4798.08,89379443.52,88292081.11
2042-07-01,566.09,84.71,575,87.34,45478.77,7,2,4798.08,87324202.3,86318457.02
2042-08-01,603.97,88.96,439,118.59,104225.62,3,2,4798.08,93167486.55,91565579.15
2042-09-01,503.34,75.64,263,81.71,104560.49,6,1,4798.08,77644727.36,76179601.46
2042-10-01,534.28,78.1,522,80.05,73379.01,5,1,4798.08,82417353.1,81119204.95
2042-11-01,479.9,85.86,308,99.06,60771.3,9,0,4798.08,74027783.93,73052128.34
2042-12-01,638.24,93.31,267,127.29,49441.61,0,2,4798.08,98454048.18,97647148.91
2043-01-01,522.09,90.06,234,125.36,108098.97,7,0,4798.08,80535932.62,79051544.94
2043-02-01,518.13,60.85,450,97.79,110199.62,5,1,4798.08,79926258.62,78243863.15
2043-03-01,610.07,64.73,553,95.5,61303.17,1,2,4798.08,94107544.01,92929505.98
2043-04-01,626.63,92.41,235,100.88,89740.84,4,2,4798.08,96662272.45,95397382.33
2043-05-01,671.54,91.69,331,109.57,60692.29,1,2,4798.08,103590976.2,102597868.68
2043-06-01,506.86,74.77,504,118.96,58010.13,9,1,4798.08,78186906.54,77087584.97
2043-07-01,559.59,82.2,421,72.9,41696.64,6,1,4798.08,86320989.16,85483829.43
2043-08-01,516.86,94.42,366,119.54,86172.75,9,3,4798.08,79730330.19,78403457.15
2043-09-01,588.31,94.64,473,90.29,51995.32,5,2,4798.08,90752276.58,89749932.7
2043-10-01,537.83,89.76,259,99.53,40989.69,6,2,4798.08,82965016.28,82265939.94
2043-11-01,501.33,67.96,541,121.46,48388.09,5,1,4798.08,77334938.02,76321480.9
2043-12-01,518.41,87.75,593,102.41,65101.54,9,1,4798.08,79969387.53,78713769.11
2044-01-01,565.07,63.84,312,107.48,93533.06,0,0,4798.08,87166526.28,85794529.62
2044-02-01,645.44,93.97,420,68.32,56209.84,2,2,4798.08,99564749.08,98554230.95
2044-03-01,504.41,65.67,478,124.95,111007.25,9,4,4798.08,77809961.52,76095474.58
2044-04-01,679.33,85.17,267,100.87,63079.07,1,5,4798.08,104792782.88,103822234.0
2044-05-01,679.41,83.19,514,83.78,66498.1,0,1,4798.08,104804814.96,103595637.72
2044-06-01,685.2,89.52,545,113.03,57438.17,0,0,4798.08,105698026.84,104572768.75
2044-07-01,611.98,80.96,462,157.63,60304.43,3,1,4798.08,94403526.72,93310273.59
2044-08-01,575.21,62.26,468,44.93,45930.81,0,0,4798.08,88730771.42,87805201.71
2044-09-01,595.64,86.82,330,55.89,63581.65,1,6,4798.08,91881726.65,90854746.89
2044-10-01,582.27,74.56,466,160.56,108769.4,0,1,4798.08,89820354.34,88142321.58
2044-11-01,515.28,72.17,407,92.8,95073.96,5,3,4798.08,79486059.08,78019571.52
2044-12-01,628.92,97.68,411,85.73,110021.46,3,2,4798.08,97016729.93,95367672.45
2045-01-01,529.55,82.44,250,76.54,48388.72,7,0,4798.08,81688115.36,80907450.71
2045-02-01,622.87,87.01,487,116.25,76449.33,4,0,4798.08,96082594.77,94775602.8
2045-03-01,494.07,80.0,241,158.34,58340.39,9,0,4798.08,76214067.7,75321183.02
2045-04-01,625.92,89.26,446,60.04,97697.25,4,1,4798.08,96552737.03,95023570.06
2045-05-01,568.7,88.58,394,77.09,117619.03,7,2,4798.08,87726316.16,85999687.85
2045-06-01,532.83,84.97,443,69.48,105228.76,9,1,4798.08,82193009.83,80575864.73
2045-07-01,608.94,97.91,399,101.99,42822.25,5,2,4798.08,93933391.47,93100324.43
2045-08-01,545.17,77.47,557,116.67,65332.78,5,1,4798.08,84096820.58,82867227.27
2045-09-01,585.11,86.84,320,128.63,42286.38,2,3,4798.08,90257739.64,89494303.14
2045-10-01,577.76,90.32,533,103.0,43213.36,5,0,4798.08,89124709.61,88179749.32
2045-11-01,464.64,74.29,527,155.58,46361.22,9,0,4798.08,71674190.73,70696256.04
2045-12-01,512.45,77.37,402,62.76,62106.15,6,0,4798.08,79049711.15,77982837.3
2046-01-01,644.96,96.83,305,54.96,64336.22,1,0,4798.08,99490220.6,98474185.94
2046-02-01,556.66,61.23,449,124.08,72036.28,2,0,4798.08,85869671.97,84646036.6
2046-03-01,589.48,72.74,574,83.68,72394.49,5,1,4798.08,90932051.89,89604118.04
2046-04-01,524.82,78.48,488,38.72,101712.72,9,2,4798.08,80958254.05,79347301.4
2046-05-01,484.45,60.06,278,70.52,51312.26,8,1,4798.08,74729663.56,73891516.45
2046-06-01,572.64,94.17,364,87.67,52619.25,8,3,4798.08,88334356.21,87411725.22
2046-07-01,505.29,70.88,533,60.61,90127.12,7,2,4798.08,77945711.01,76437785.53
2046-08-01,467.66,69.79,318,49.56,85739.37,7,0,4798.08,72140753.52,70857481.06
2046-09-01,484.74,91.17,256,73.77,52320.38,8,3,4798.08,74775514.97,73942870.45
2046-10-01,448.77,70.56,387,48.06,108181.15,8,1,4798.08,69226382.71,67618608.86
2046-11-01,491.43,84.99,251,99.05,66324.75,9,2,4798.08,75807721.44,74811024.4
2046-12-01,535.03,91.22,271,21.69,69357.39,8,0,4798.08,82532359.74,81483271.09
2047-01-01,623.45,90.11,440,82.71,73636.81,4,1,4798.08,96172836.74,94937195.06
2047-02-01,620.65,89.71,523,95.59,65816.15,5,0,4798.08,95739678.84,94531485.04
2047-03-01,537.4,63.37,299,77.28,84596.4,4,1,4798.08,82898416.06,81644059.21
2047-04-01,627.06,63.03,537,112.8,71091.82,0,3,4798.08,96728851.15,95446149.34
2047-05-01,590.16,71.66,354,38.88,60754.78,3,2,4798.08,91037109.37,90024852.03
2047-06-01,578.18,61.37,258,58.97,112357.99,0,3,4798.08,89188930.71,87634234.83
2047-07-01,630.12,79.02,474,70.1,64668.06,0,1,4798.08,97200531.95,96045315.24
2047-08-01,578.7,75.0,458,101.38,95879.11,2,0,4798.08,89268716.21,87751766.84
2047-09-01,507.69,81.17,400,86.56,67778.14,6,3,4798.08,78314908.23,77181570.53
2047-10-01,593.19,71.35,494,144.3,74817.6,0,1,4798.08,91504003.0,90210991.81
2047-11-01,516.27,78.46,521,55.83,58875.48,6,3,4798.08,79638570.91,78515265.13
2047-12-01,480.6,72.72,528,38.15,100186.37,9,4,4798.08,74136860.87,72512224.44
2048-01-01,469.38,67.42,589,133.67,98976.26,9,1,4798.08,72405737.18,70746822.06
2048-02-01,669.78,84.68,483,37.07,41779.2,0,2,4798.08,103318522.49,102430772.14
2048-03-01,557.2,85.59,375,100.49,44815.52,8,2,4798.08,85952257.67,85114471.39
2048-04-01,626.87,91.51,297,50.64,113790.12,4,0,4798.08,96699943.03,95096861.63
2048-05-01,646.26,93.24,548,17.92,111106.15,5,0,4798.08,99691237.37,97919563.6
2048-06-01,552.33,86.77,381,68.76,80486.98,8,1,4798.08,85201544.83,83930901.13
2048-07-01,636.79,86.12,581,106.98,79468.59,2,2,4798.08,98229388.28,96810965.19
2048-08-01,537.27,62.15,471,43.35,104993.93,2,2,4798.08,82878827.77,81242100.56
2048-09-01,478.02,64.17,234,97.28,51076.01,4,1,4798.08,73738161.55,72938049.41
2048-10-01,552.36,90.88,530,102.89,92295.93,6,0,4798.08,85206354.2,83674803.04
2048-11-01,582.61,68.85,562,41.85,78078.64,2,4,4798.08,89872210.24,88485666.57
2048-12-01,537.77,73.51,286,73.17,99466.48,3,3,4798.08,82956004.37,81533606.58
2049-01-01,583.21,65.52,357,127.31,42408.22,1,0,4798.08,89965525.66,89171026.98
2049-02-01,506.4,67.42,524,99.52,87418.04,8,2,4798.08,78115898.73,76647682.2
2049-03-01,542.52,89.47,315,72.16,84538.26,9,1,4798.08,83688216.45,82421757.37
2049-04-01,497.77,69.95,207,92.46,107267.87,8,2,4798.08,76785523.27,75332708.87
2049-05-01,630.68,77.06,306,59.44,94146.9,1,1,4798.08,97287490.41,95912927.56
2049-06-01,520.76,65.76,306,113.41,110412.83,4,0,4798.08,80331236.85,78761482.91
2049-07-01,643.34,85.76,313,113.4,110981.87,0,1,4798.08,99239900.31,97657717.93
2049-08-01,519.6,87.67,209,83.63,72653.12,7,1,4798.08,80152477.98,79113440.54
2049-09-01,520.96,73.74,483,86.92,50994.73,5,2,4798.08,80361981.03,79363644.27
2049-10-01,464.91,89.82,259,50.04,90422.69,9,1,4798.08,71716450.21,70424177.9
2049-11-01,445.41,69.12,465,39.44,109899.69,9,0,4798.08,68708281.6,67017485.34
2049-12-01,660.66,86.29,597,68.7,45996.27,1,2,4798.08,101911996.38,100882441.17
2050-01-01,639.85,87.74,301,77.38,84633.86,1,4,4798.08,98702281.19,97445874.85
2050-02-01,542.21,96.81,262,111.88,49199.96,9,2,4798.08,83640941.17,82840941.63
2050-03-01,574.99,68.83,374,107.67,42159.68,4,3,4798.08,88697522.9,87892406.75
2050-04-01,515.49,63.56,396,85.54,94370.83,6,1,4798.08,79518789.97,78069540.03
2050-05-01,526.12,70.0,511,115.72,94547.97,8,1,4798.08,81158200.73,79614825.1
2050-06-01,507.13,64.67,589,51.7,88052.64,8,3,4798.08,78228345.22,76700513.5
2050-07-01,519.31,66.45,421,112.32,108737.82,5,3,4798.08,80107021.53,78465367.64
2050-08-01,594.03,72.7,389,56.29,46470.12,1,3,4798.08,91633244.13,90764402.74
2050-09-01,523.15,75.73,327,117.19,48420.82,5,3,4798.08,80699860.23,79857210.38
2050-10-01,655.35,94.34,533,79.6,109162.84,0,2,4798.08,101093371.55,99357017.53
2050-11-01,574.68,67.43,594,20.05,80262.14,1,1,4798.08,88649486.09,87211140.44
2050-12-01,618.66,96.93,245,101.9,61844.22,2,3,4798.08,95433457.55,94495326.85
2051-01-01,590.45,90.79,268,104.29,99052.56,4,4,4798.08,91082277.97,89679247.27
2051-02-01,574.1,93.5,500,66.3,111552.3,9,5,4798.08,88560097.75,86821470.18
2051-03-01,724.0,95.32,550,68.86,95168.26,0,2,4798.08,111682915.16,110100896.01
2051-04-01,584.74,88.62,563,75.21,103354.61,9,2,4798.08,90201654.02,88510998.73
2051-05-01,603.16,89.97,257,22.25,62599.78,4,1,4798.08,93042202.81,92085405.45
2051-06-01,586.62,76.64,415,9.06,63102.03,4,1,4798.08,90490778.08,89401553.74
2051-07-01,590.43,79.4,314,119.05,109129.91,3,0,4798.08,91079314.05,89518555.12
2051-08-01,620.83,95.43,209,55.28,89189.03,2,0,4798.08,95768389.35,94530921.01
2051-09-01,510.81,74.37,596,135.66,58733.02,6,1,4798.08,78796468.19,77614871.95
2051-10-01,468.66,61.59,566,121.11,81932.95,6,0,4798.08,72295155.17,70859159.82
2051-11-01,654.72,88.98,468,127.02,94868.84,0,3,4798.08,100996426.66,99483600.61
2051-12-01,542.06,81.78,491,60.49,57483.93,6,1,4798.08,83616954.53,82534347.41
2052-01-01,621.63,90.97,285,31.75,92392.51,2,4,4798.08,95891828.38,94555118.22
2052-02-01,586.64,62.87,583,47.39,43371.59,2,4,4798.08,90493953.28,89507094.22
2052-03-01,615.17,83.61,577,66.61,64295.33,5,1,4798.08,94894555.89,93661411.93
2052-04-01,567.98,69.41,346,8.8,93917.74,5,1,4798.08,87615906.6,86212093.66
2052-05-01,636.57,94.32,317,65.74,51947.93,3,0,4798.08,98195638.78,97318663.67
2052-06-01,545.14,64.18,334,73.95,57775.92,4,4,4798.08,84091777.03,83131265.96
2052-07-01,640.65,92.04,214,41.17,110327.46,2,2,4798.08,98825350.15,97330220.59
2052-08-01,566.76,63.37,536,48.79,93945.69,2,1,4798.08,87427951.25,85871803.0
2052-09-01,468.92,60.95,501,73.38,79913.5,8,2,4798.08,72334283.58,70974521.62
2052-10-01,511.51,68.93,405,90.69,56871.47,4,1,4798.08,78903969.73,77897512.07
2052-11-01,602.97,72.66,432,53.28,67312.77,0,4,4798.08,93013618.25,91860264.98
2052-12-01,524.81,83.81,503,88.77,85946.44,8,2,4798.08,80956735.69,79522978.41
2053-01-01,440.36,65.01,265,84.11,52425.01,9,1,4798.08,67929151.16,67088051.07
2053-02-01,527.07,76.62,203,81.41,78539.53,5,0,4798.08,81304977.85,80200103.54
2053-03-01,484.02,67.76,202,60.44,72717.95,8,3,4798.08,74663790.18,73629574.76
2053-04-01,633.24,92.5,458,40.0,78134.99,6,4,4798.08,97682138.65,96378118.81
2053-05-01,458.52,61.71,402,130.89,48444.87,9,0,4798.08,70729891.93,69826953.54
2053-06-01,533.4,73.53,524,98.91,48519.77,9,2,4798.08,82281730.79,81280293.59
2053-07-01,569.51,83.99,439,110.17,117128.88,6,3,4798.08,87851185.92,86094439.41
2053-08-01,586.85,94.7,292,77.49,118349.42,4,0,4798.08,90526975.35,88873182.32
2053-09-01,573.26,92.98,483,75.08,74093.17,6,0,4798.08,88429495.17,87153977.1
2053-10-01,505.9,94.02,222,94.72,103119.64,9,1,4798.08,78039614.27,76624578.63
2053-11-01,519.66,62.39,485,24.96,92463.31,3,0,4798.08,80162128.79,78664569.02
2053-12-01,591.28,91.96,517,46.56,49353.35,5,1,4798.08,91209080.5,90203240.32
2054-01-01,662.29,89.64,286,56.07,63734.29,1,6,4798.08,102162862.8,101169251.29
2054-02-01,544.6,94.29,250,66.36,65092.11,9,1,4798.08,84008228.91,83027123.55
2054-03-01,619.86,71.84,496,53.61,87661.95,2,4,4798.08,95619116.98,94170373.52
2054-04-01,724.36,94.65,519,89.98,86398.14,1,1,4798.08,111738204.06,110286226.42
2054-05-01,500.72,75.3,242,82.44,113880.7,9,1,4798.08,77240174.49,75680006.15
2054-06-01,660.68,84.1,403,121.79,103202.91,1,2,4798.08,101915729.79,100354894.93
2054-07-01,548.77,76.12,546,154.21,108547.81,6,1,4798.08,84652580.6,82913206.84
2054-08-01,533.09,76.25,257,42.11,111298.29,4,2,4798.08,82233753.82,80692574.35
2054-09-01,531.65,80.77,258,84.42,104102.13,5,3,4798.08,82010601.81,80554976.21
2054-10-01,548.25,73.53,367,84.37,66630.5,2,2,4798.08,84571981.64,83478815.63
2054-11-01,511.63,90.12,373,79.57,57201.04,9,1,4798.08,78923089.89,77938277.44
2054-12-01,580.71,84.08,517,47.46,85741.39,4,1,4798.08,89579019.73,88136523.08
2055-01-01,620.74,86.21,571,52.48,95165.47,4,0,4798.08,95754537.95,94155752.37
2055-02-01,590.41,68.78,406,87.21,70925.44,3,1,4798.08,91074918.81,89899013.56
2055-03-01,553.78,96.84,310,51.64,107867.09,9,3,4798.08,85424888.08,83882482.98
2055-04-01,619.63,85.09,222,84.78,116845.33,3,2,4798.08,95583401.42,94003657.5
2055-05-01,508.43,67.49,432,72.62,85551.66,7,2,4798.08,78429731.86,77057511.96
2055-06-01,611.47,88.52,474,84.25,76527.36,5,2,4798.08,94324817.0,93027288.62
2055-07-01,586.8,66.6,371,51.4,107430.97,1,2,4798.08,90518745.19,88932773.56
2055-08-01,536.44,62.41,210,84.72,41941.56,1,1,4798.08,82750818.51,82079519.75
2055-09-01,565.35,80.05,259,53.57,50321.01,1,0,4798.08,87210210.92,86399158.81
2055-10-01,551.97,81.03,431,84.82,107652.61,5,0,4798.08,85146593.78,83509962.43
2055-11-01,566.23,67.18,434,120.18,98562.29,0,1,4798.08,87345924.55,85815977.11
2055-12-01,565.22,73.24,202,87.83,73290.94,2,3,4798.08,87190253.79,86149162.56
2056-01-01,676.68,95.94,343,89.66,111108.15,0,0,4798.08,104384139.19,102776441.4
2056-02-01,578.81,70.83,429,104.52,68116.66,3,1,4798.08,89285445.04,88124845.08
2056-03-01,606.83,65.91,208,37.89,90707.63,0,3,4798.08,93607813.92,92352922.38
2056-04-01,625.7,97.72,496,131.57,90746.76,8,3,4798.08,96519271.97,95033510.88
2056-05-01,596.67,71.49,493,48.33,54746.55,5,2,4798.08,92040906.12,90989547.5
2056-06-01,578.3,85.85,524,106.39,62788.14,7,1,4798.08,89207356.6,88034698.93
2056-07-01,580.11,68.8,392,102.41,113280.55,1,2,4798.08,89487217.27,87814250.62
2056-08-01,567.79,80.9,490,52.94,54673.19,5,0,4798.08,87586361.57,86538283.31
2056-09-01,534.97,74.68,326,110.27,53885.97,3,1,4798.08,82522800.62,81615368.99
2056-10-01,564.54,96.54,247,94.93,78369.24,6,1,4798.08,87085373.45,85947342.6
2056-11-01,496.26,76.45,306,136.7,47375.79,7,0,4798.08,76552725.31,75739415.83
2056-12-01,579.4,82.2,463,85.8,111570.1,5,2,4798.08,89376546.75,87667305.61
2057-01-01,706.47,95.9,452,76.74,48011.93,0,2,4798.08,108979445.68,108041702.5
2057-02-01,589.89,97.59,226,64.56,89324.6,7,0,4798.08,90994981.47,89742286.3
2057-03-01,601.88,63.86,208,27.7,67182.55,0,0,4798.08,92845541.71,91872951.13
2057-04-01,581.43,91.7,419,70.45,104341.83,8,0,4798.08,89689689.23,88102387.26
2057-05-01,624.54,74.52,357,71.72,87184.86,1,2,4798.08,96340264.95,95008446.64
2057-06-01,512.15,82.6,213,87.86,71064.49,9,2,4798.08,79003405.67,77980231.78
2057-07-01,523.32,74.25,228,37.31,118709.84,5,0,4798.08,80726342.26,79119424.19
2057-08-01,489.17,75.24,225,72.83,45298.48,7,6,4798.08,75458265.34,74734683.59
2057-09-01,512.43,66.04,413,97.29,86222.9,4,3,4798.08,79045995.94,77680921.08
2057-10-01,604.21,81.77,342,100.27,119165.46,1,2,4798.08,93203910.68,91500325.1
2057-11-01,551.39,80.78,314,24.21,95276.21,4,0,4798.08,85056466.15,83661951.61
2057-12-01,613.29,67.2,528,101.19,99181.57,0,1,4798.08,94604941.13,92992362.29
2058-01-01,539.48,80.59,417,72.6,42567.29,7,2,4798.08,83218598.76,82374191.26
2058-02-01,581.36,96.98,280,74.45,41709.05,7,5,4798.08,89679584.56,88955075.92
2058-03-01,682.12,87.15,400,9.06,42888.81,1,2,4798.08,105222168.42,104387502.71
2058-04-01,579.48,78.28,266,124.81,119337.91,5,3,4798.08,89389295.66,87744440.71
2058-05-01,611.88,94.81,448,85.3,118361.58,7,3,4798.08,94388074.83,92609335.86
2058-06-01,520.12,81.86,343,34.06,66760.71,9,1,4798.08,80232505.58,79156977.01
2058-07-01,488.82,65.13,340,91.26,63278.55,7,5,4798.08,75404068.59,74372726.05
2058-08-01,553.83,80.81,545,90.33,51676.7,6,1,4798.08,85433224.15,84377103.75
2058-09-01,544.02,66.88,295,116.68,66331.22,2,1,4798.08,83919856.1,82887881.41
2058-10-01,596.38,89.17,317,70.71,69611.99,3,2,4798.08,91996809.65,90907865.72
2058-11-01,677.14,96.75,517,80.36,99862.63,0,1,4798.08,104454930.1,102842978.6
2058-12-01,509.48,73.71,384,60.72,109303.48,8,1,4798.08,78592064.07,76973222.26
2059-01-01,503.01,76.53,491,97.94,99738.81,9,2,4798.08,77594136.73,76004471.01
2059-02-01,517.75,76.02,444,56.5,91718.01,9,1,4798.08,79867411.07,78411594.97
2059-03-01,630.39,70.84,579,53.21,101272.01,1,4,4798.08,97242173.91,95563709.84
2059-04-01,569.78,90.18,400,77.97,99079.8,9,0,4798.08,87893129.23,86384171.65
2059-05-01,597.44,83.47,477,43.22,78059.98,6,2,4798.08,92159560.24,90841240.54
2059-06-01,518.26,62.43,560,128.06,66868.11,7,1,4798.08,79945861.97,78695444.62
2059-07-01,662.83,91.87,569,137.82,62622.46,3,2,4798.08,102247163.15,101040493.66
2059-08-01,464.64,67.11,309,66.39,94348.44,9,1,4798.08,71675059.56,70295678.32
2059-09-01,683.53,97.21,411,38.4,116744.33,0,1,4798.08,105439707.69,103709975.73
2059-10-01,543.5,74.31,458,90.1,86484.38,4,0,4798.08,83839409.07,82435196.54
2059-11-01,493.43,83.43,363,65.54,113002.12,9,0,4798.08,76116210.07,74469784.63
2059-12-01,449.66,62.96,296,115.24,41138.35,9,1,4798.08,69363428.04,68632967.84
2060-01-01,541.22,73.1,409,56.39,103557.65,5,1,4798.08,83487385.62,81917493.8
2060-02-01,593.94,90.49,235,96.34,108288.21,6,0,4798.08,91619932.21,90132473.66
2060-03-01,664.21,78.13,465,83.42,90479.51,0,2,4798.08,102459398.92,101001644.84
2060-04-01,675.74,94.37,299,59.71,114724.88,3,2,4798.08,104239087.4,102623188.84
2060-05-01,598.58,81.86,220,87.2,87193.04,4,1,4798.08,92335829.77,91113513.3
2060-06-01,640.12,95.29,416,106.36,59242.95,4,0,4798.08,98743124.16,97699408.73
2060-07-01,592.28,97.34,303,82.61,57257.38,6,2,4798.08,91363850.96,90434362.42
2060-08-01,590.38,77.25,570,82.92,84466.9,3,4,4798.08,91070376.71,89600773.9
2060-09-01,518.88,81.48,592,53.82,112518.71,9,1,4798.08,80041786.81,78217962.24
2060-10-01,566.46,91.73,311,114.33,45789.44,6,1,4798.08,87381746.35,86583473.13
2060-11-01,478.93,68.42,418,111.34,88351.24,7,0,4798.08,73878413.4,72483798.5
2060-12-01,638.36,92.74,319,67.68,101584.28,1,2,4798.08,98471764.7,96997553.36
2061-01-01,679.62,82.49,448,76.27,49232.17,0,1,4798.08,104836296.32,103887110.33
2061-02-01,571.42,87.57,534,122.43,49341.58,9,5,4798.08,88146143.49,87126844.59
2061-03-01,469.04,63.03,295,45.99,69290.24,9,4,4798.08,72352746.28,71285263.4
2061-04-01,706.93,89.12,387,98.13,61910.49,0,3,4798.08,109049672.56,107997146.63
2061-05-01,660.96,71.81,563,63.24,55865.13,0,1,4798.08,101958564.25,100837782.66
2061-06-01,578.8,90.6,574,133.34,55895.53,8,2,4798.08,89284757.75,88154811.34
2061-07-01,591.78,79.35,343,81.9,50453.52,3,1,4798.08,91287267.7,90407425.43
2061-08-01,452.92,70.44,227,117.81,88868.32,8,1,4798.08,69866960.07,68618940.22
2061-09-01,556.03,96.2,205,57.16,95050.05,6,3,4798.08,85772897.64,84468297.06
2061-10-01,562.74,89.07,516,42.54,96234.9,6,1,4798.08,86807114.99,85239496.21
2061-11-01,659.96,97.46,461,72.97,82588.32,1,3,4798.08,101804726.99,100444867.17
2061-12-01,611.52,73.85,429,87.88,116232.5,1,1,4798.08,94331276.94,92593286.92
2062-01-01,598.19,84.67,321,64.68,110442.62,4,1,4798.08,92276344.15,90694232.68
2062-02-01,530.75,83.24,393,102.75,116610.49,9,3,4798.08,81872822.65,80159096.76
2062-03-01,686.2,86.13,304,73.7,71103.64,0,2,4798.08,105851309.95,104754866.29
2062-04-01,545.52,61.46,398,17.56,110222.65,6,2,4798.08,84150571.93,82509500.1
2062-05-01,535.41,71.09,261,96.58,101029.98,6,2,4798.08,82591517.1,81170357.39
2062-06-01,597.28,94.55,483,53.52,67197.83,7,2,4798.08,92135409.43,90942635.45
2062-07-01,523.91,76.11,279,69.15,48527.46,6,1,4798.08,80817452.76,80011923.23
2062-08-01,579.3,96.5,374,126.59,94609.7,7,3,4798.08,89362109.28,87927592.88
2062-09-01,552.76,68.11,208,133.18,50916.19,2,3,4798.08,85268363.21,84490968.98
2062-10-01,648.88,97.9,379,62.74,63502.06,2,1,4798.08,100094270.14,99029045.36
2062-11-01,557.27,86.51,470,97.33,80029.17,7,1,4798.08,85962931.89,84626581.9
2062-12-01,516.57,89.5,361,63.43,94390.6,8,2,4798.08,79685576.7,78264089.46
2063-01-01,498.45,75.08,475,71.39,114098.21,9,0,4798.08,76889913.94,75140735.39
2063-02-01,651.84,94.47,405,61.83,87459.2,3,2,4798.08,100552390.49,99178880.05
2063-03-01,563.86,80.73,259,28.27,93713.05,7,0,4798.08,86979588.92,85647832.34
2063-04-01,693.42,85.88,385,82.85,64801.11,0,1,4798.08,106966389.72,105880776.42
2063-05-01,568.57,63.6,274,88.64,94983.41,1,3,4798.08,87706257.7,86347256.79
2063-06-01,538.37,84.0,293,59.87,75023.21,9,1,4798.08,83047393.57,81912715.06
2063-07-01,553.04,93.41,266,112.63,108554.49,9,2,4798.08,85310471.03,83795017.09
2063-08-01,460.14,66.77,201,66.92,71396.04,9,1,4798.08,70980848.92,69963296.43
2063-09-01,527.18,88.03,377,60.88,77461.76,8,0,4798.08,81321580.09,80090438.95
2063-10-01,547.98,60.97,341,95.8,74607.02,1,1,4798.08,84529975.11,83361890.87
2063-11-01,627.37,95.2,243,33.72,104889.83,1,1,4798.08,96776689.87,95323611.95
2063-12-01,562.89,97.35,373,107.2,116295.94,7,2,4798.08,86830999.23,85137048.0
2064-01-01,601.75,73.46,589,67.93,66182.1,4,5,4798.08,92825339.13,91559953.89
2064-02-01,581.9,64.07,591,109.68,78002.23,4,0,4798.08,89763160.55,88354333.76
2064-03-01,638.15,85.03,494,118.64,96474.1,5,0,4798.08,98440410.5,96887521.29
2064-04-01,519.14,61.13,430,99.2,111630.53,7,3,4798.08,80080894.91,78397328.55
2064-05-01,593.56,78.33,435,55.64,79496.06,7,3,4798.08,91561489.1,90259536.43
2064-06-01,508.77,70.33,292,42.48,48711.48,8,5,4798.08,78482280.81,77664143.04
2064-07-01,486.27,77.99,243,36.98,69493.71,9,2,4798.08,75010600.98,73982276.45
2064-08-01,527.13,60.69,226,113.09,84028.95,2,1,4798.08,81314001.41,80124854.0
2064-09-01,441.67,61.96,471,75.96,73401.97,8,2,4798.08,68131692.53,66874068.91
2064-10-01,506.99,60.61,238,62.02,54924.46,2,5,4798.08,78207358.05,77357864.56
2064-11-01,650.0,83.53,584,76.04,42959.16,0,2,4798.08,100268555.59,99285845.67
2064-12-01,604.11,81.28,488,112.42,94992.69,4,1,4798.08,93188510.7,91658198.38
2065-01-01,531.66,68.86,447,103.36,119418.98,6,4,4798.08,82013544.49,80222916.78
2065-02-01,645.59,84.57,249,93.16,113536.53,2,3,4798.08,99587035.58,98025397.21
2065-03-01,612.79,93.6,558,99.14,94661.67,8,2,4798.08,94528017.33,92945677.25
2065-04-01,650.85,70.54,482,85.41,107322.38,0,0,4798.08,100398375.17,98724906.55
2065-05-01,643.46,91.62,408,89.06,60458.21,5,1,4798.08,99258820.6,98206922.08
2065-06-01,590.84,85.18,323,86.63,89794.75,5,1,4798.08,91141503.41,89805566.36
2065-07-01,500.53,61.29,541,80.0,44848.34,7,0,4798.08,77210523.67,76239543.62
2065-08-01,614.51,74.26,448,102.6,96574.71,2,1,4798.08,94793072.3,93275775.73
2065-09-01,577.96,79.29,483,90.84,117589.79,4,1,4798.08,89154791.01,87357313.56
2065-10-01,497.0,87.8,350,53.58,108863.78,9,1,4798.08,76666876.11,75080510.7
2065-11-01,532.25,70.91,263,95.87,82755.27,4,2,4798.08,82103854.33,80900391.09
2065-12-01,578.61,97.34,440,87.42,103099.22,7,3,4798.08,89255824.3,87666633.69
2066-01-01,559.14,86.01,366,98.34,115511.9,6,1,4798.08,86251925.58,84572982.72
2066-02-01,634.45,74.17,439,76.87,57281.41,2,2,4798.08,97869455.66,96830878.79
2066-03-01,527.0,63.69,248,104.35,103460.68,6,1,4798.08,81294057.51,79854129.34
2066-04-01,504.6,66.89,386,78.16,61587.76,9,3,4798.08,77838196.77,76790343.69
2066-05-01,546.99,78.53,347,101.72,110155.79,7,1,4798.08,84377771.62,82778302.1
2066-06-01,599.5,78.8,388,66.31,47868.36,4,3,4798.08,92478118.33,91593298.0
2066-07-01,612.99,89.17,310,68.38,54257.47,4,2,4798.08,94558075.38,93658985.7
2066-08-01,667.06,87.59,583,98.06,97649.32,0,2,4798.08,102898748.47,101260556.66
2066-09-01,491.5,67.65,464,70.05,53982.2,7,0,4798.08,75817495.06,74798508.66
2066-10-01,578.92,82.61,478,146.17,52644.34,5,1,4798.08,89303465.72,88289333.59
2066-11-01,500.11,60.78,436,96.99,84437.35,5,1,4798.08,77146605.54,75784557.34
2066-12-01,588.24,75.14,590,80.75,106798.98,4,0,4798.08,90740586.9,88986999.15
2067-01-01,611.55,89.04,358,104.6,61477.39,4,0,4798.08,94337161.11,93313032.39
2067-02-01,599.06,75.18,259,65.58,107291.05,2,1,4798.08,92409980.36,90915287.7
2067-03-01,690.43,91.75,516,107.69,104636.27,2,3,4798.08,106505116.29,104836681.03
2067-04-01,717.53,97.09,274,106.86,86328.43,1,2,4798.08,110684136.03,109428994.85
2067-05-01,570.31,83.07,427,117.61,91725.02,8,1,4798.08,87974662.82,86532362.58
2067-06-01,513.27,65.51,353,66.78,43235.29,7,1,4798.08,79175958.67,78374735.13
2067-07-01,617.27,74.43,555,43.32,69370.84,2,2,4798.08,95219199.61,93942749.47
2067-08-01,517.89,60.36,509,61.7,61071.59,4,2,4798.08,79889453.79,78749394.66
2067-09-01,523.72,82.9,486,71.55,52000.31,9,2,4798.08,80787318.81,79774515.1
2067-10-01,599.37,91.22,440,130.02,71172.75,4,1,4798.08,92458150.67,91252077.72
2067-11-01,532.0,83.94,426,145.85,68392.34,7,1,4798.08,82064597.42,80903089.39
2067-12-01,591.17,89.87,368,90.34,98311.33,5,1,4798.08,91193195.22,89719059.21
2068-01-01,598.24,90.4,483,80.28,87847.71,6,5,4798.08,92283158.26,90842585.78
2068-02-01,663.77,92.34,545,69.5,113048.01,4,0,4798.08,102392346.64,100599770.57
2068-03-01,649.85,70.13,461,104.74,51632.61,0,1,4798.08,100244105.19,99255713.91
2068-04-01,628.76,93.11,489,145.66,44779.89,7,1,4798.08,96990699.04,96062140.38
2068-05-01,664.1,84.86,547,133.58,82768.62,3,2,4798.08,102442894.3,101012070.82
2068-06-01,617.35,71.01,563,114.14,40082.17,4,1,4798.08,95230559.96,94299173.9
2068-07-01,707.0,97.52,208,113.7,103017.52,0,2,4798.08,109060761.74,107658151.56
2068-08-01,680.62,96.11,548,104.97,80477.83,2,4,4798.08,104991848.87,103587714.89
2068-09-01,608.03,81.83,297,78.58,79045.25,1,1,4798.08,93794316.62,92608173.66
2068-10-01,635.05,92.04,211,57.9,68999.68,1,1,4798.08,97961947.54,96965151.4
2068-11-01,613.52,69.94,471,79.38,69997.91,0,0,4798.08,94640570.03,93423795.15
2068-12-01,534.69,75.81,270,92.67,74490.69,5,1,4798.08,82480076.17,81370187.84
2069-01-01,487.92,66.99,334,36.39,41282.59,7,2,4798.08,75265972.38,74503381.33
2069-02-01,626.19,79.76,458,75.41,46683.66,2,0,4798.08,96595018.73,95668414.78
2069-03-01,656.95,78.85,204,55.22,80403.84,0,0,4798.08,101339484.55,100211438.45
2069-04-01,513.31,68.09,438,110.42,52009.78,9,2,4798.08,79181802.21,78207284.84
2069-05-01,686.92,85.57,493,63.51,102301.01,1,2,4798.08,105962748.39,104340736.29
2069-06-01,599.24,64.48,534,89.85,61958.81,2,1,4798.08,92438320.97,91267615.2
2069-07-01,508.9,62.34,298,59.0,47831.97,5,1,4798.08,78501691.95,77689308.3
2069-08-01,596.06,74.63,350,127.93,58816.79,2,2,4798.08,91946680.87,90960879.34
2069-09-01,471.86,75.57,457,28.98,68567.86,8,1,4798.08,72788361.12,71599946.82
2069-10-01,623.63,72.15,555,94.28,42825.33,0,3,4798.08,96199938.66,95242034.72
2069-11-01,501.34,69.8,348,41.68,51334.04,6,0,4798.08,77336490.85,76442082.35
2069-12-01,493.09,72.87,341,64.72,65907.74,9,1,4798.08,76063333.6,74999640.72
2070-01-01,517.33,66.21,450,86.19,64838.44,7,3,4798.08,79803087.82,78665026.57
2070-02-01,523.09,75.33,433,87.66,104030.94,8,2,4798.08,80691311.85,79096540.62
2070-03-01,621.0,94.37,594,86.88,107460.44,7,1,4798.08,95794845.2,94030119.94
2070-04-01,573.56,68.53,331,84.55,55473.49,4,3,4798.08,88475894.76,87545412.9
2070-05-01,687.63,86.01,246,60.74,49915.19,0,0,4798.08,106073276.99,105277494.7
2070-06-01,627.6,65.39,571,75.08,90733.0,0,2,4798.08,96812163.38,95266567.4
2070-07-01,522.3,73.45,293,80.95,104369.88,7,4,4798.08,80568432.35,79081593.74
2070-08-01,540.07,72.2,448,85.86,117097.85,6,3,4798.08,83309971.76,81546397.59
2070-09-01,627.78,95.61,555,78.03,40543.7,4,1,4798.08,96839417.16,95908892.73
2070-10-01,453.61,76.26,219,101.89,73094.25,9,0,4798.08,69972568.65,68920237.66
2070-11-01,596.0,86.24,379,82.8,98719.03,2,1,4798.08,91938383.27,90450554.95
2070-12-01,552.85,82.89,471,86.04,106284.74,8,2,4798.08,85280970.72,83628753.79
2071-01-01,579.89,65.36,335,68.52,44982.88,3,1,4798.08,89453161.04,88645366.53
2071-02-01,660.04,95.7,436,48.43,94449.16,5,0,4798.08,101816045.52,100333855.58
2071-03-01,613.76,73.14,389,84.62,63115.1,3,0,4798.08,94677151.59,93608570.43
2071-04-01,512.96,61.7,411,116.22,45967.76,8,1,4798.08,79128806.65,78248393.57
2071-05-01,605.77,71.42,263,93.32,79128.21,3,0,4798.08,93444723.38,92284784.9
2071-06-01,563.09,72.75,559,55.48,52652.27,7,1,4798.08,86861701.97,85782674.76
2071-07-01,543.26,63.52,363,104.44,98960.6,2,0,4798.08,83802495.33,82324568.12
2071-08-01,576.29,83.56,588,69.95,99300.94,7,2,4798.08,88897424.76,87235413.43
2071-09-01,577.15,73.18,237,101.44,107365.42,2,0,4798.08,89030781.65,87552796.59
2071-10-01,591.64,83.91,414,68.94,70205.49,4,2,4798.08,91264874.92,90091208.98
2071-11-01,558.99,60.26,218,90.6,41064.78,0,1,4798.08,86229067.0,85561889.59
2071-12-01,634.8,97.32,453,64.45,60778.88,5,2,4798.08,97922934.87,96831188.37
2072-01-01,575.66,66.48,273,65.21,77424.94,1,0,4798.08,88800028.14,87652528.91
2072-02-01,651.36,85.05,340,33.01,95520.9,2,2,4798.08,100477561.73,99059310.91
2072-03-01,718.31,87.2,592,95.36,70563.25,0,1,4798.08,110804985.04,109484626.07
2072-04-01,568.98,66.52,216,91.11,82883.87,5,1,4798.08,87769158.55,86601752.09
2072-05-01,568.34,64.25,294,92.79,81941.09,4,2,4798.08,87670701.55,86452208.51
2072-06-01,497.57,65.8,433,88.26,53198.59,9,1,4798.08,76754049.45,75769266.4
2072-07-01,611.51,69.38,500,57.13,89843.96,1,1,4798.08,94329938.01,92851810.49
2072-08-01,475.92,66.39,287,108.98,75140.14,7,1,4798.08,73414178.62,72282896.96
2072-09-01,527.98,85.61,497,109.78,104633.5,8,2,4798.08,81445948.27,79792746.32
2072-10-01,579.23,75.99,250,56.35,95248.9,2,3,4798.08,89350244.35,88007257.59
2072-11-01,569.59,80.44,444,95.96,48917.53,5,2,4798.08,87863806.37,86921595.95
2072-12-01,508.06,61.8,312,106.25,79100.67,5,4,4798.08,78372887.83,77174079.76
2073-01-01,588.94,92.73,588,65.9,96199.55,9,1,4798.08,90849261.03,89224466.44
2073-02-01,531.22,66.48,207,71.12,46960.94,5,0,4798.08,81945402.75,81216271.49
2073-03-01,526.42,73.69,236,96.02,103399.76,7,1,4798.08,81204175.35,79774578.2
2073-04-01,568.93,62.73,246,34.69,57760.36,4,2,4798.08,87761972.04,86872047.7
2073-05-01,495.3,65.2,299,47.34,80246.78,9,1,4798.08,76403356.7,75201195.29
2073-06-01,578.1,85.3,544,50.31,115244.9,9,1,4798.08,89175984.39,87357845.56
2073-07-01,574.97,86.32,372,26.11,85706.74,7,1,4798.08,88693093.7,87367012.84
2073-08-01,635.07,85.72,440,112.55,73924.36,2,1,4798.08,97964991.67,96725899.39
2073-09-01,567.54,80.98,588,20.36,40543.59,6,0,4798.08,87546909.37,86589986.24
2073-10-01,691.48,96.2,390,90.29,50673.09,0,0,4798.08,106666135.84,105746058.76
2073-11-01,597.92,79.27,541,104.35,86293.11,3,2,4798.08,92233942.84,90765625.51
2073-12-01,586.87,77.08,433,71.19,79506.0,4,0,4798.08,90529043.79,89228571.75
2074-01-01,549.36,69.41,480,59.95,69106.33,6,3,4798.08,84743417.7,83530141.69
2074-02-01,538.06,63.76,434,86.99,113857.27,5,3,4798.08,82999457.39,81285970.14
2074-03-01,593.05,80.83,325,80.05,66598.6,5,4,4798.08,91482287.35,90423104.11
2074-04-01,648.5,71.97,377,110.11,82972.06,1,2,4798.08,100036646.38,98739381.65
2074-05-01,663.33,79.91,372,1.14,85497.07,1,4,4798.08,102323485.26,100999920.38
2074-06-01,631.56,67.83,571,52.44,82197.47,1,1,4798.08,97423853.28,95980683.63
2074-07-01,563.71,91.85,319,96.85,78206.83,9,2,4798.08,86956782.15,85763100.18
2074-08-01,562.55,97.99,229,81.51,66965.1,7,0,4798.08,86777185.45,85790404.26
2074-09-01,504.2,72.25,247,102.56,112701.09,6,1,4798.08,77777583.13,76227570.04
2074-10-01,655.89,92.01,378,87.86,76064.26,0,0,4798.08,101175747.81,99960576.68
2074-11-01,558.55,93.17,293,75.96,82275.91,8,1,4798.08,86161118.17,84939407.26
2074-12-01,605.1,97.85,254,70.93,92518.24,7,1,4798.08,93340834.11,92027415.25
2075-01-01,520.51,73.02,435,149.75,45412.48,8,0,4798.08,80292706.07,79399756.27
2075-02-01,675.91,88.73,501,126.05,102503.05,3,2,4798.08,104264491.17,102633654.56
2075-03-01,614.58,68.69,486,94.87,81000.58,4,3,4798.08,94803990.79,93443183.77
2075-04-01,666.22,83.74,547,82.35,92574.15,4,1,4798.08,102769095.35,101220605.49
2075-05-01,582.93,86.78,273,96.14,101760.97,8,1,4798.08,89921349.08,88481817.5
2075-06-01,589.33,88.16,511,104.81,109927.95,7,2,4798.08,90908529.89,89180594.48
2075-07-01,494.03,67.87,321,92.56,71377.63,9,2,4798.08,76208450.42,75095118.82
2075-08-01,597.58,92.25,256,57.46,104914.39,5,1,4798.08,92181909.02,90718136.32
2075-09-01,493.64,76.0,472,133.54,60706.95,9,1,4798.08,76147628.73,75041545.31
2075-10-01,454.49,68.22,338,87.39,92826.85,9,2,4798.08,70108256.41,68723934.18
2075-11-01,640.13,80.62,398,140.42,48216.58,0,0,4798.08,98745445.22,97848446.22
2075-12-01,593.65,92.81,408,85.61,41602.44,6,0,4798.08,91575490.98,90749861.73
2076-01-01,595.95,96.75,472,72.63,47661.05,8,1,4798.08,91930228.43,90980695.83
2076-02-01,663.65,88.43,560,121.52,65550.6,3,1,4798.08,102374018.35,101139411.16
2076-03-01,582.64,60.21,337,89.04,42487.57,3,0,4798.08,89877263.82,89097812.99
2076-04-01,579.34,65.12,333,84.0,90439.3,4,2,4798.08,89368227.37,88016555.75
2076-05-01,537.73,62.9,536,43.99,65323.56,7,1,4798.08,82949575.51,81736892.75
2076-06-01,551.48,63.85,215,99.81,98910.09,4,3,4798.08,85071018.98,83712097.95
2076-07-01,591.85,74.56,302,65.2,43673.21,3,1,4798.08,91297120.32,90531441.79
2076-08-01,530.48,72.86,442,66.57,57336.13,7,3,4798.08,81831158.12,80789524.62
2076-09-01,518.3,64.32,289,65.28,72640.27,4,2,4798.08,79951905.37,78849022.08
2076-10-01,554.85,93.52,203,93.17,70612.12,7,2,4798.08,85589415.6,84579670.1
2076-11-01,630.43,83.39,261,33.94,50479.89,0,4,4798.08,97249385.24,96434826.52
2076-12-01,647.85,90.27,411,73.67,119530.95,2,2,4798.08,99936834.13,98173662.79
2077-01-01,562.88,74.12,447,109.41,62755.17,6,0,4798.08,86829556.34,85718894.34
2077-02-01,667.87,75.59,391,42.63,97682.57,0,1,4798.08,103025046.35,101540055.54
2077-03-01,603.03,72.07,255,85.19,57602.14,4,0,4798.08,93021526.71,92126301.08
2077-04-01,627.56,76.66,488,61.06,110228.1,5,0,4798.08,96806327.45,95093190.29
2077-05-01,681.51,83.19,230,67.89,71020.66,0,2,4798.08,105129063.7,104092815.72
2077-06-01,589.57,78.73,590,129.65,112072.2,6,2,4798.08,90945705.61,89128839.22
2077-07-01,604.72,91.84,588,30.49,67346.79,8,1,4798.08,93282316.51,92003754.99
2077-08-01,556.53,94.21,200,102.97,40691.51,8,0,4798.08,85849337.99,85201039.92
2077-09-01,603.15,77.85,397,65.66,81361.63,2,2,4798.08,93041287.73,91747348.11
2077-10-01,548.27,69.11,244,64.17,81983.03,3,1,4798.08,84574558.28,83395561.86
2077-11-01,666.57,95.92,246,46.65,49586.73,0,1,4798.08,102824143.78,102032302.96
2077-12-01,613.91,87.93,421,102.62,58797.09,3,1,4798.08,94701249.27,93658884.24
2078-01-01,616.78,84.32,485,74.26,102679.65,4,1,4798.08,95143990.79,93523835.02
2078-02-01,573.14,88.33,280,70.47,42940.47,6,0,4798.08,88412232.04,87672946.45
2078-03-01,591.2,62.89,479,83.3,79162.13,4,2,4798.08,91197598.57,89864452.95
2078-04-01,544.95,62.57,486,74.89,82432.65,7,3,4798.08,84063391.86,82685400.06
2078-05-01,574.73,65.82,483,19.98,95096.96,6,4,4798.08,88656859.11,87129295.54
2078-06-01,662.52,65.6,587,65.28,42996.5,0,3,4798.08,102198390.08,101212832.07
2078-07-01,631.41,75.99,388,106.86,86851.71,1,0,4798.08,97400460.83,96047840.36
2078-08-01,493.14,65.98,238,34.8,40247.84,6,4,4798.08,76070257.38,75396883.26
2078-09-01,626.48,92.47,282,47.3,61214.27,2,1,4798.08,96639368.9,95679197.67
2078-10-01,657.46,81.97,526,67.2,79974.74,1,1,4798.08,101418230.09,100037733.2
2078-11-01,496.88,73.99,375,58.23,112902.51,8,2,4798.08,76647032.78,74992202.69
2078-12-01,440.97,62.65,208,79.16,50127.19,9,0,4798.08,68023702.62,67255776.39
2079-01-01,578.05,82.46,477,47.21,53543.13,7,1,4798.08,89168275.66,88144158.1
2079-02-01,530.76,64.43,582,68.36,93540.01,7,1,4798.08,81873644.04,80285563.98
2079-03-01,687.66,88.24,457,78.56,69988.94,2,2,4798.08,106076656.91,104871189.68
2079-04-01,597.85,90.5,546,99.47,89873.71,9,2,4798.08,92223591.61,90708307.06
2079-05-01,569.82,80.67,471,117.34,119796.33,8,2,4798.08,87899139.83,86084783.83
2079-06-01,535.9,65.68,460,72.15,118949.73,7,0,4798.08,82667630.01,80872233.21
2079-07-01,700.23,89.9,595,136.64,68297.09,1,2,4798.08,108016077.96,106720512.93
2079-08-01,521.08,71.7,379,74.48,80314.03,6,0,4798.08,80380984.26,79114015.92
2079-09-01,491.77,68.46,353,104.87,112375.21,7,0,4798.08,75859090.65,74228188.1
2079-10-01,521.65,77.88,214,137.95,47373.41,6,3,4798.08,80468460.61,79728779.65
2079-11-01,556.21,95.06,266,84.18,76184.31,8,3,4798.08,85799155.58,84672143.83
2079-12-01,544.94,71.3,528,38.79,70206.19,6,2,4798.08,84062010.49,82797136.23
2080-01-01,621.19,94.41,386,82.73,63590.62,6,2,4798.08,95823812.55,94751925.09
2080-02-01,638.43,62.04,547,61.65,119536.34,0,1,4798.08,98483389.69,96611353.65
2080-03-01,625.74,63.17,262,71.77,98683.94,1,5,4798.08,96525339.37,95131532.05
2080-04-01,676.88,86.55,555,139.55,71099.76,4,1,4798.08,104414460.51,103117263.39
2080-05-01,655.39,67.24,480,43.32,106321.75,0,0,4798.08,101098511.2,99438650.18
2080-06-01,501.61,72.03,240,89.01,79173.29,9,1,4798.08,77377970.9,76235891.44
2080-07-01,518.72,65.18,227,53.67,109825.95,6,2,4798.08,80017521.87,78518010.43
2080-08-01,580.86,72.63,566,70.77,61310.39,4,3,4798.08,89603126.88,88414602.23
2080-09-01,541.01,70.66,476,102.35,57888.02,4,3,4798.08,83455714.34,82380258.13
2080-10-01,560.71,87.98,420,89.54,59782.93,7,0,4798.08,86493366.56,85439971.35
2080-11-01,538.71,86.68,416,73.25,83078.45,8,1,4798.08,83099769.74,81770028.39
2080-12-01,574.73,96.29,421,60.51,63305.07,9,0,4798.08,88657210.59,87560749.74
2081-01-01,676.05,87.53,260,89.48,51769.57,0,0,4798.08,104285957.54,103456722.64
2081-02-01,563.01,86.4,302,131.23,119570.23,9,0,4798.08,86848478.2,85172035.4
2081-03-01,690.93,86.38,384,52.96,112034.66,3,1,4798.08,106582041.65,104930425.75
2081-04-01,755.19,93.55,594,137.35,90800.99,1,3,4798.08,116493456.2,114928644.26
2081-05-01,538.23,71.26,346,115.98,111323.43,8,1,4798.08,83027010.16,81414329.0
2081-06-01,528.32,71.4,274,121.08,114837.02,8,1,4798.08,81496896.1,79899651.88
2081-07-01,673.23,88.17,200,89.25,94088.66,0,2,4798.08,103851323.08,102562259.12
2081-08-01,607.8,68.69,564,115.13,81494.38,2,1,4798.08,93757489.41,92328356.82
2081-09-01,548.24,94.66,532,49.74,110560.14,9,2,4798.08,84569981.13,82817659.41
2081-10-01,540.42,80.32,361,59.96,85423.76,7,1,4798.08,83363527.17,82049642.06
2081-11-01,559.67,71.4,216,102.97,50144.04,1,2,4798.08,86333742.08,85559213.56
2081-12-01,670.48,89.49,442,88.88,69348.48,1,1,4798.08,103426594.94,102240813.18
2082-01-01,627.69,71.87,566,75.55,75673.68,1,2,4798.08,96827022.49,95466138.38
2082-02-01,647.72,96.6,218,4.92,114829.52,4,1,4798.08,99915934.19,98363579.93
2082-03-01,641.26,97.35,529,66.94,92734.84,8,3,4798.08,98919806.45,97383788.4
2082-04-01,618.81,85.34,258,44.78,110022.21,6,3,4798.08,95456158.02,93929491.56
2082-05-01,567.55,64.32,400,94.81,100607.34,6,3,4798.08,87548473.45,86021185.42
2082-06-01,627.95,70.0,314,74.26,64788.87,1,1,4798.08,96866275.34,95837608.89
2082-07-01,662.42,79.59,402,61.15,97496.72,1,2,4798.08,102183646.97,100692086.34
2082-08-01,639.38,92.36,493,159.29,55623.98,4,1,4798.08,98629469.05,97567581.31
2082-09-01,489.7,67.03,230,111.15,72651.66,6,3,4798.08,75539951.81,74484131.83
2082-10-01,503.74,63.97,393,111.68,104487.35,6,0,4798.08,77706360.38,76138112.2
2082-11-01,452.73,62.83,305,146.07,88954.33,8,3,4798.08,69836578.73,68525126.73
2082-12-01,637.04,79.26,566,104.07,106033.0,2,0,4798.08,98268066.38,96542870.37
2083-01-01,715.63,93.62,505,56.87,60376.29,0,1,4798.08,110391196.65,109262681.21
2083-02-01,485.97,61.61,325,53.36,99979.91,8,1,4798.08,74964746.41,73504987.54
2083-03-01,652.91,68.07,302,108.95,56185.95,0,0,4798.08,100715977.17,99800145.78
2083-04-01,610.98,86.34,362,18.22,83624.33,7,0,4798.08,94248484.48,92955392.47
2083-05-01,692.43,91.38,514,77.67,74682.77,4,0,4798.08,106812260.89,105504867.68
2083-06-01,584.83,90.68,320,14.87,84518.07,7,2,4798.08,90215316.18,88945099.36
2083-07-01,605.82,89.83,439,82.97,50842.67,6,0,4798.08,93453090.02,92491777.94
2083-08-01,490.12,64.93,294,105.62,68898.23,8,1,4798.08,75604770.75,74542791.99
2083-09-01,620.02,75.1,407,88.38,93352.31,1,5,4798.08,95643867.86,94198040.19
2083-10-01,574.11,97.42,348,108.14,84682.46,8,3,4798.08,88561567.88,87266978.32
2083-11-01,591.06,97.58,549,138.94,83917.58,9,3,4798.08,91176039.04,89729828.07
2083-12-01,606.71,82.89,507,75.69,80866.41,4,2,4798.08,93589535.25,92213538.34
2084-01-01,621.47,86.95,392,164.23,115510.79,4,2,4798.08,95867237.35,94167507.84
2084-02-01,736.25,96.15,341,86.38,114765.58,0,1,4798.08,113572179.13,111922192.22
2084-03-01,625.94,77.1,471,108.47,68811.6,5,3,4798.08,96555621.0,95353081.83
2084-04-01,530.66,65.2,510,61.67,68151.6,9,2,4798.08,81858519.1,80632699.89
2084-05-01,595.3,85.42,592,128.58,84391.88,9,1,4798.08,91829237.3,90342934.78
2084-06-01,609.32,96.48,591,111.25,47648.5,9,2,4798.08,93992161.21,92947579.18
2084-07-01,570.82,86.49,400,124.14,64240.54,9,1,4798.08,88054392.96,86963506.53
2084-08-01,673.59,90.53,361,81.64,58469.41,2,0,4798.08,103906022.66,102915589.8
2084-09-01,499.91,76.06,308,42.34,57871.17,9,1,4798.08,77115067.28,76174213.19
2084-10-01,583.23,63.67,549,93.81,91080.44,2,0,4798.08,89968732.06,88436566.76
2084-11-01,586.26,66.42,462,29.09,70748.03,2,2,4798.08,90435839.07,89217262.75
2084-12-01,667.21,97.34,409,69.91,53693.15,3,0,4798.08,102922345.45,101950827.65
2085-01-01,524.46,78.74,348,85.73,111005.75,8,2,4798.08,80901626.56,79291157.59
2085-02-01,523.26,60.46,455,151.32,109931.9,7,1,4798.08,80716342.55,79033159.81
2085-03-01,698.12,96.3,588,89.56,108997.03,5,2,4798.08,107690150.78,105911786.38
2085-04-01,584.39,78.92,398,84.19,71259.6,7,3,4798.08,90146388.66,88972873.51
2085-05-01,648.76,91.78,595,78.11,44558.6,7,2,4798.08,100076885.58,99066182.42
2085-06-01,714.17,80.84,536,39.74,48539.36,0,2,4798.08,110166534.38,109155262.04
2085-07-01,513.38,63.86,385,82.57,62083.85,8,3,4798.08,79193593.36,78140587.21
2085-08-01,690.49,83.39,543,83.09,57597.6,0,1,4798.08,106513651.42,105388080.22
2085-09-01,683.69,97.9,364,50.94,109918.85,1,1,4798.08,105464156.34,103853930.15
2085-10-01,464.45,61.32,307,44.4,118908.65,8,0,4798.08,71644853.16,69972349.3
2085-11-01,577.66,91.99,282,65.55,105333.89,6,0,4798.08,89109226.92,87619620.2
2085-12-01,515.85,68.95,500,81.95,98387.91,9,2,4798.08,79574414.17,77993759.22
2086-01-01,628.95,74.97,279,66.27,87089.93,0,1,4798.08,97021130.09,95752850.92
2086-02-01,645.51,74.16,452,48.47,101592.66,2,3,4798.08,99575442.51,97994730.55
2086-03-01,718.36,94.15,224,88.68,115762.66,0,0,4798.08,110812705.84,109244353.86
2086-04-01,654.85,79.17,482,96.17,88107.57,4,2,4798.08,101015289.69,99572398.8
2086-05-01,625.96,76.99,250,83.64,52369.06,3,6,4798.08,96559015.63,95730586.92
2086-06-01,657.31,91.08,574,63.11,53108.67,7,2,4798.08,101395907.8,100299403.82
2086-07-01,497.99,61.86,307,97.85,86709.02,8,1,4798.08,76819486.43,75533378.14
2086-08-01,556.21,63.29,437,74.28,66677.48,3,2,4798.08,85800524.92,84650795.12
2086-09-01,544.06,60.82,515,44.33,112819.79,2,2,4798.08,83925462.56,82159625.08
2086-10-01,617.56,86.14,527,111.09,88931.39,3,1,4798.08,95263844.15,93775067.51
2086-11-01,620.95,79.97,385,90.61,94119.41,2,0,4798.08,95786322.85,94348889.94
2086-12-01,608.11,93.29,279,76.42,40465.66,5,0,4798.08,93806110.54,93097322.66
2087-01-01,676.86,78.94,527,32.87,79907.88,0,2,4798.08,104410613.09,103030118.48
2087-02-01,620.7,68.43,295,57.65,74493.18,1,1,4798.08,95747688.58,94617770.44
2087-03-01,652.39,90.6,581,140.56,96469.75,7,2,4798.08,100637006.56,99014569.58
2087-04-01,638.45,71.18,349,34.75,70611.09,2,0,4798.08,98486544.25,97360011.13
2087-05-01,711.79,95.56,551,72.46,118126.0,3,0,4798.08,109799796.23,107941484.2
2087-06-01,686.37,69.52,594,79.51,93616.25,0,0,4798.08,105878341.54,104279746.48
2087-07-01,634.7,66.37,564,89.61,92793.47,2,2,4798.08,97907881.4,96343159.8
2087-08-01,624.24,78.75,205,35.08,113547.29,0,2,4798.08,96294859.39,94768291.89
2087-09-01,452.39,61.92,221,85.23,119616.39,9,1,4798.08,69784448.43,68172251.79
2087-10-01,528.76,61.38,419,29.42,55825.66,4,0,4798.08,81565178.04,80560070.18
2087-11-01,669.44,78.85,558,82.92,104842.65,0,1,4798.08,103266829.09,101562317.27
2087-12-01,491.16,68.17,211,60.43,52985.56,8,1,4798.08,75764853.52,74960226.8
2088-01-01,533.53,60.36,482,54.02,76563.48,6,2,4798.08,82301068.82,80996707.11
2088-02-01,576.92,71.25,584,105.04,48014.83,7,3,4798.08,88994479.5,87951101.51
2088-03-01,580.41,78.14,391,72.93,89869.68,8,1,4798.08,89533253.13,88142016.99
2088-04-01,545.7,74.98,424,94.21,77481.45,9,1,4798.08,84178042.11,82909064.68
2088-05-01,552.89,65.15,535,95.2,90295.92,7,0,4798.08,85288029.61,83776478.62
2088-06-01,682.97,82.03,366,118.1,94236.86,2,2,4798.08,105353801.53,103930159.21
2088-07-01,628.72,86.99,515,43.75,89554.58,6,0,4798.08,96984720.5,95498065.54
2088-08-01,588.08,85.67,315,107.57,63522.33,6,1,4798.08,90716350.16,89702082.21
2088-09-01,554.58,74.96,525,80.49,106956.73,6,1,4798.08,85547784.03,83844303.24
2088-10-01,473.81,65.23,347,68.66,84134.9,7,0,4798.08,73088993.76,71801775.01
2088-11-01,579.05,78.98,235,45.52,79188.09,3,3,4798.08,89323833.45,88185576.33
2088-12-01,648.99,93.84,584,98.2,118965.1,5,0,4798.08,100111829.35,98217048.1
2089-01-01,669.41,77.81,444,52.33,62680.63,1,1,4798.08,103261190.61,102153823.02
2089-02-01,577.44,67.44,507,95.53,82242.42,6,5,4798.08,89074337.08,87681827.98
2089-03-01,529.28,63.54,329,137.83,94585.97,8,2,4798.08,81645909.91,80247678.32
2089-04-01,695.11,95.87,439,109.4,50018.07,4,2,4798.08,107225792.83,106274375.93
2089-05-01,706.78,88.23,592,121.74,68339.18,3,2,4798.08,109026153.41,107732483.28
2089-06-01,658.67,71.89,566,58.43,104135.1,1,3,4798.08,101604735.72,99902314.56
2089-07-01,574.78,71.22,543,102.88,58940.66,6,1,4798.08,88663798.58,87522110.67
2089-08-01,695.71,94.02,503,45.67,79463.23,1,0,4798.08,107318519.04,105962560.29
2089-09-01,599.85,66.75,304,73.0,90450.45,1,3,4798.08,92531096.58,91202491.2
2089-10-01,494.85,80.33,366,132.24,93692.99,8,1,4798.08,76334741.69,74917625.84
2089-11-01,638.84,87.11,241,61.76,98264.84,1,2,4798.08,98546019.22,97174041.19
2089-12-01,518.96,75.06,453,113.34,109278.19,9,3,4798.08,80053917.12,78380178.9
2090-01-01,586.98,61.52,549,110.47,71428.76,2,1,4798.08,90545952.54,89249607.47
2090-02-01,644.52,68.65,500,112.24,96530.55,2,1,4798.08,99421897.45,97863530.8
2090-03-01,747.2,94.27,585,41.99,98573.97,1,1,4798.08,115261843.85,113610956.18
2090-04-01,561.81,79.88,404,95.76,64021.93,9,0,4798.08,86663704.98,85572241.82
2090-05-01,714.92,90.99,394,75.3,117452.64,2,3,4798.08,110282706.94,108558075.31
2090-06-01,564.39,81.12,370,112.65,109217.53,8,0,4798.08,87061808.59,85455198.19
2090-07-01,707.12,95.86,449,30.35,63188.91,2,1,4798.08,109079007.68,107961540.8
2090-08-01,637.45,94.55,303,91.03,94005.49,4,2,4798.08,98332599.15,96962133.22
2090-09-01,567.9,78.35,562,86.79,97424.05,6,2,4798.08,87603088.67,85984400.06
2090-10-01,596.8,72.09,238,20.3,74518.69,0,2,4798.08,92061833.41,90977209.12
2090-11-01,655.87,82.86,435,53.44,109099.46,0,1,4798.08,101173603.3,99516409.75
2090-12-01,546.02,85.65,333,25.1,95218.35,9,1,4798.08,84227394.64,82818374.46
2091-01-01,675.51,78.94,451,58.21,92652.37,1,3,4798.08,104202464.19,102729835.69
2091-02-01,729.74,91.25,369,96.48,57667.23,0,3,4798.08,112567854.79,111580648.03
2091-03-01,672.02,66.97,482,85.86,72627.38,0,3,4798.08,103664466.14,102407337.53
2091-04-01,557.97,72.71,406,85.08,74713.8,9,1,4798.08,86070827.34,84849461.75
2091-05-01,673.99,86.08,342,48.81,98692.89,3,1,4798.08,103968325.51,102510410.85
2091-06-01,501.38,69.37,218,113.61,89471.56,9,1,4798.08,77342530.38,76094471.62
2091-07-01,627.45,76.71,389,79.44,46868.85,2,3,4798.08,96788825.19,95915199.02
2091-08-01,695.68,96.62,263,81.01,64615.84,0,3,4798.08,107313949.1,106328159.07
2091-09-01,629.65,83.78,429,108.21,77843.8,2,1,4798.08,97129285.55,95851959.94
2091-10-01,707.91,96.06,506,50.26,98938.64,0,3,4798.08,109200218.51,107608154.89
2091-11-01,657.74,87.45,374,86.86,99485.53,2,4,4798.08,101461408.89,99968382.52
2091-12-01,654.59,87.54,512,92.7,79243.46,3,3,4798.08,100976201.28,99615679.71
2092-01-01,577.13,82.49,219,63.63,49354.59,7,2,4798.08,89026797.9,88259342.82
2092-02-01,626.87,65.4,475,99.57,63432.27,2,1,4798.08,96699096.98,95557909.71
2092-03-01,685.48,79.75,537,94.31,60375.39,2,1,4798.08,105741226.17,104587121.48
2092-04-01,544.47,69.6,425,76.96,102482.11,8,2,4798.08,83988758.85,82418973.5
2092-05-01,647.63,97.95,430,76.04,54398.91,8,1,4798.08,99901578.8,98904791.94
2092-06-01,572.35,70.14,300,95.71,77193.7,5,1,4798.08,88290385.06,87124060.69
2092-07-01,503.86,68.77,426,103.65,93657.5,9,2,4798.08,77724095.62,76259405.57
2092-08-01,628.94,83.71,493,81.89,117182.89,3,1,4798.08,97019103.64,95218508.94
2092-09-01,503.24,79.42,237,113.61,119939.25,9,1,4798.08,77628645.79,75999774.83
2092-10-01,511.87,60.81,264,99.76,116233.77,4,2,4798.08,78960220.31,77354215.05
2092-11-01,491.65,64.92,275,26.35,97459.39,8,2,4798.08,75841353.11,74451840.46
2092-12-01,726.43,90.82,588,37.85,99715.27,0,0,4798.08,112057971.01,110390987.81
2093-01-01,577.97,78.38,391,115.47,100736.81,6,2,4798.08,89155853.39,87634211.7
2093-02-01,529.25,65.55,322,72.6,109008.39,6,1,4798.08,81641682.66,80075981.98
2093-03-01,556.83,77.68,324,84.93,116142.84,9,1,4798.08,85896314.49,84243400.45
2093-04-01,657.67,69.62,226,114.18,75656.49,0,0,4798.08,101451658.36,100362980.46
2093-05-01,669.97,68.5,302,79.81,73320.87,0,2,4798.08,103348158.48,102226708.03
2093-06-01,631.3,96.39,475,81.12,76837.16,8,4,4798.08,97382881.47,96080835.59
2093-07-01,568.25,73.76,259,53.94,92785.37,6,0,4798.08,87656659.85,86336035.36
2093-08-01,566.58,61.76,367,91.1,102035.63,3,0,4798.08,87398896.01,85880868.43
2093-09-01,559.8,96.87,282,97.6,109643.55,8,1,4798.08,86354131.68,84812809.06
2093-10-01,593.46,90.2,205,62.66,76496.86,4,1,4798.08,91545847.9,90463885.57
2093-11-01,584.68,69.67,363,52.34,69069.81,2,1,4798.08,90191299.76,89072062.04
2093-12-01,651.61,75.54,567,158.79,118668.21,1,2,4798.08,100516521.15,98638902.64
2094-01-01,595.77,92.77,401,77.21,58551.01,8,3,4798.08,91902563.08,90879150.97
2094-02-01,657.48,73.58,594,59.49,57760.39,3,2,4798.08,101421570.92,100253246.28
2094-03-01,623.53,81.56,376,101.2,97232.6,6,0,4798.08,96184020.2,94716429.04
2094-04-01,723.98,80.32,569,78.48,54372.58,0,2,4798.08,111679683.96,110572012.96
2094-05-01,592.66,75.25,539,47.43,71952.72,8,1,4798.08,91422039.71,90127407.07
2094-06-01,572.18,84.3,355,94.49,63390.95,8,1,4798.08,88262745.35,87218054.01
2094-07-01,554.21,77.99,477,54.41,53496.84,9,0,4798.08,85491970.57,84468408.53
2094-08-01,555.66,60.81,539,127.29,86376.58,5,2,4798.08,85715144.14,84247425.19
2094-09-01,625.55,90.95,502,94.84,69880.92,5,1,4798.08,96495841.79,95255670.76
2094-10-01,524.07,64.3,301,71.69,76978.73,5,1,4798.08,80842678.18,79678133.37
2094-11-01,582.3,77.64,279,83.28,55669.04,4,2,4798.08,89824136.47,88932907.99
2094-12-01,681.87,82.04,393,107.1,101429.34,0,1,4798.08,105183999.0,103652446.87
2095-01-01,671.91,86.81,480,85.58,65176.97,3,0,4798.08,103648114.28,102481990.68
2095-02-01,549.06,75.61,290,143.66,67417.45,9,1,4798.08,84696473.18,83655463.73
2095-03-01,701.94,87.95,266,114.08,60172.32,0,0,4798.08,108279686.04,107344818.24
2095-04-01,609.02,64.99,414,94.63,74752.29,4,1,4798.08,93945682.28,92717454.85
2095-05-01,670.82,84.83,344,51.89,77086.13,3,4,4798.08,103478710.18,102278476.62
2095-06-01,611.11,91.4,239,75.59,82373.35,7,1,4798.08,94268643.59,93088963.35
2095-07-01,733.07,93.8,411,94.37,117405.46,0,2,4798.08,113082615.27,111344949.72
2095-08-01,577.51,82.02,485,55.31,112375.34,7,2,4798.08,89085907.92,87349403.78
2095-09-01,513.11,71.89,258,118.8,88751.41,7,1,4798.08,79151343.26,77879926.33
2095-10-01,597.81,66.21,227,50.78,43112.28,0,0,4798.08,92217236.02,91518288.69
2095-11-01,484.85,73.13,246,60.88,88980.83,8,0,4798.08,74791823.63,73527253.7
2095-12-01,567.7,80.52,436,63.13,47173.49,8,3,4798.08,87572703.82,86657821.96
2096-01-01,560.0,67.46,316,102.31,96827.54,5,1,4798.08,86384942.28,84970211.81
2096-02-01,755.51,96.2,350,55.85,71206.21,0,3,4798.08,116543354.07,115408879.53
2096-03-01,640.14,94.09,282,26.0,107015.72,6,1,4798.08,98747304.13,97237515.5
2096-04-01,542.55,61.25,256,112.64,115402.34,6,0,4798.08,83693083.89,82103455.81
2096-05-01,591.77,81.35,416,66.67,73368.83,8,2,4798.08,91285456.78,90072230.85
2096-06-01,746.22,89.99,584,47.94,76844.42,0,2,4798.08,115111235.05,113721901.97
2096-07-01,542.37,69.32,419,57.35,87211.81,7,2,4798.08,83664385.43,82282643.75
2096-08-01,562.73,79.91,484,131.5,55770.62,7,1,4798.08,86805868.26,85749420.85
2096-09-01,560.84,75.43,441,60.29,114186.63,6,1,4798.08,86514588.73,84791549.2
2096-10-01,566.62,67.47,519,76.3,74639.99,5,2,4798.08,87406250.19,86095370.26
2096-11-01,673.39,83.36,298,66.59,53345.63,0,0,4798.08,103876479.02,102997931.5
2096-12-01,587.43,97.76,441,43.02,101018.55,9,2,4798.08,90616333.49,89051310.93
2097-01-01,549.12,73.88,402,57.72,57532.11,7,3,4798.08,84705971.7,83693986.38
2097-02-01,622.1,80.99,236,40.97,51482.34,4,1,4798.08,95963242.57,95156654.46
2097-03-01,663.21,72.46,445,108.68,85029.77,3,5,4798.08,102305097.57,100928740.38
2097-04-01,696.28,93.32,327,83.03,93719.62,4,2,4798.08,107406716.71,106020481.26
2097-05-01,685.21,92.85,334,154.48,85565.02,4,4,4798.08,105698475.31,104404495.07
2097-06-01,533.7,66.79,545,58.73,92520.85,9,2,4798.08,82326958.17,80780707.94
2097-07-01,719.48,94.2,542,54.23,49241.92,2,1,4798.08,110986193.77,109961690.72
2097-08-01,589.85,65.76,263,126.01,78081.44,3,3,4798.08,90989371.08,89841993.77
2097-09-01,569.51,63.63,473,111.74,68561.49,3,1,4798.08,87851328.1,86650190.2
2097-10-01,526.35,84.81,228,91.54,117869.49,7,1,4798.08,81194055.57,79597221.69
2097-11-01,588.55,74.66,569,46.59,43969.91,4,5,4798.08,90789238.42,89806399.45
2097-12-01,597.62,80.17,425,132.35,63863.54,5,1,4798.08,92187160.69,91080798.26
2098-01-01,547.81,84.8,259,77.84,115348.98,9,0,4798.08,84503576.85,82912189.15
2098-02-01,629.08,62.01,253,67.08,118679.69,1,2,4798.08,97041097.29,95414540.95
2098-03-01,570.4,71.13,527,114.29,105992.13,8,2,4798.08,87988594.62,86295089.08
2098-04-01,594.92,77.51,348,79.33,46079.86,7,0,4798.08,91771126.92,90939768.61
2098-05-01,555.0,70.13,257,45.03,84908.4,7,1,4798.08,85613392.95,84388892.12
2098-06-01,501.36,61.86,235,81.21,72009.84,9,0,4798.08,77338806.8,76286688.72
2098-07-01,560.25,63.29,344,56.56,104516.21,4,2,4798.08,86422618.85,84893224.38
2098-08-01,643.6,90.47,449,10.28,44401.94,4,2,4798.08,99281281.38,98389258.11
2098-09-01,645.32,94.63,279,53.55,55770.3,2,1,4798.08,99545861.14,98653417.54
2098-10-01,573.29,65.78,214,64.17,79135.61,1,2,4798.08,88434484.37,87313657.11
2098-11-01,507.87,69.47,239,45.33,52611.81,8,1,4798.08,78342594.59,77520052.84
2098-12-01,615.1,84.79,280,97.26,95417.21,5,1,4798.08,94884540.01,93515533.47
2099-01-01,646.2,96.26,506,56.68,105661.38,7,2,4798.08,99681152.75,98008416.22
2099-02-01,632.92,71.38,392,94.35,96361.59,3,2,4798.08,97632960.95,96163021.85
2099-03-01,702.02,92.5,596,43.0,75222.7,4,2,4798.08,108292342.74,106912870.38
2099-04-01,576.5,79.23,365,107.28,110271.01,9,1,4798.08,88929541.25,87314289.09
2099-05-01,717.29,96.35,552,41.71,51014.89,4,2,4798.08,110647812.03,109594033.35
2099-06-01,521.5,65.18,403,9.75,60827.09,9,0,4798.08,80444893.01,79392567.97
2099-07-01,700.64,97.0,410,117.12,79163.17,3,0,4798.08,108078761.78,106800803.69
2099-08-01,656.29,76.76,598,54.32,44907.09,1,2,4798.08,101238360.0,100221074.94
2099-09-01,676.21,96.21,572,132.71,47654.86,5,3,4798.08,104311321.0,103281862.65
2099-10-01,638.16,77.43,588,96.94,71795.47,3,1,4798.08,98441378.04,97109432.41
2099-11-01,612.93,80.14,457,103.71,115510.9,3,1,4798.08,94550015.18,92798284.33
2099-12-01,560.21,90.58,314,111.36,112673.1,9,2,4798.08,86416690.69,84813413.54
2100-01-01,685.76,87.46,533,83.38,77277.99,2,0,4798.08,105784546.59,104430810.72
2100-02-01,627.95,83.54,548,83.72,51372.68,7,1,4798.08,96866657.77,95811785.56
2100-03-01,627.06,75.85,432,118.44,54248.61,5,1,4798.08,96729550.76,95732967.41
2100-04-01,595.44,90.11,276,83.34,70203.68,8,3,4798.08,91851906.15,90788661.94
2100-05-01,702.77,96.03,515,58.15,56805.94,4,2,4798.08,108408712.63,107315041.4
2100-06-01,570.37,60.37,295,97.57,46638.05,5,4,4798.08,87984531.28,87188874.71
2100-07-01,561.1,82.34,297,16.59,93902.2,8,2,4798.08,86553906.92,85189480.54
2100-08-01,648.6,92.91,255,119.59,86515.89,3,1,4798.08,100051417.84,98809227.15
2100-09-01,538.6,84.82,317,120.21,63303.74,9,3,4798.08,83084158.44,82070913.55
2100-10-01,599.32,90.43,318,115.95,102315.87,6,2,4798.08,92449434.44,90967243.99
2100-11-01,550.77,94.01,237,114.79,102075.91,9,2,4798.08,84960920.95,83546410.02
2100-12-01,539.34,88.54,384,77.47,79280.16,9,1,4798.08,83197213.09,81938651.19
2101-01-01,641.48,87.25,557,76.8,47722.6,5,2,4798.08,98953795.29,97935524.03
2101-02-01,659.8,96.66,441,43.11,113477.55,5,1,4798.08,101779100.74,100064570.12
2101-03-01,647.68,92.82,250,132.44,93492.84,5,2,4798.08,99910579.79,98588665.69
2101-04-01,698.65,90.98,326,65.45,59764.07,3,0,4798.08,107771935.55,106793966.76
2101-05-01,518.9,63.28,302,90.2,88836.36,9,3,4798.08,80044415.64,78736779.28
2101-06-01,610.29,69.08,428,87.62,72401.72,5,0,4798.08,94142671.95,92931451.31
2101-07-01,601.72,81.16,410,39.79,90827.97,6,1,4798.08,92819534.33,91401598.68
2101-08-01,688.16,86.96,584,27.66,77909.67,1,3,4798.08,106155041.42,104752925.36
2101-09-01,516.75,71.52,284,80.17,78837.77,8,1,4798.08,79713614.63,78540361.36
2101-10-01,551.77,63.55,558,66.39,98870.57,6,4,4798.08,85115630.56,83482783.75
2101-11-01,623.86,71.82,473,77.32,89098.06,2,3,4798.08,96234997.78,94787421.07
2101-12-01,547.81,89.3,226,111.96,46396.22,9,1,4798.08,84504878.89,83767324.31
2102-01-01,604.72,93.34,547,86.75,45229.89,9,2,4798.08,93282489.65,92302131.02
2102-02-01,632.41,94.69,271,102.76,64400.74,6,2,4798.08,97554711.0,96565102.13
2102-03-01,543.91,74.4,294,93.36,74419.68,9,3,4798.08,83902635.12,82774398.97
2102-04-01,548.81,74.16,275,70.51,62017.8,9,2,4798.08,84658328.71,83694115.05
2102-05-01,608.01,75.45,205,49.95,92116.79,4,1,4798.08,93790433.05,92521031.58
2102-06-01,551.88,74.28,289,87.94,55608.63,8,2,4798.08,85132503.37,84233999.76
2102-07-01,614.6,85.32,279,82.52,96331.29,5,1,4798.08,94807689.86,93428514.41
2102-08-01,579.35,73.62,421,107.45,101852.06,6,2,4798.08,89369445.47,87810420.76
2102-09-01,532.09,60.77,282,75.47,49945.54,3,1,4798.08,82079009.38,81254062.84
2102-10-01,623.7,76.68,281,71.08,92064.5,1,3,4798.08,96210332.2,94880758.21
2102-11-01,564.97,68.52,351,73.12,116914.88,3,2,4798.08,87151240.45,85467461.92
2102-12-01,462.12,61.09,244,52.44,55425.91,8,2,4798.08,71284997.94,70424687.08
2103-01-01,648.91,77.89,411,123.41,112744.23,2,0,4798.08,100099297.2,98417566.48
2103-02-01,564.83,67.83,270,114.19,88483.84,6,0,4798.08,87128872.69,85851066.66
2103-03-01,680.76,77.2,462,43.61,87275.59,3,1,4798.08,105012241.86,103595334.79
2103-04-01,678.2,70.55,599,104.12,44153.81,2,1,4798.08,104617166.63,103608120.85
2103-05-01,676.93,82.94,581,24.65,99864.02,4,1,4798.08,104421416.34,102758248.07
2103-06-01,721.13,97.65,257,109.56,78261.84,1,3,4798.08,111240435.47,110095693.34
2103-07-01,537.38,80.79,256,59.11,97693.95,9,1,4798.08,82895848.84,81518721.42
2103-08-01,599.19,84.58,310,90.8,104734.49,3,0,4798.08,92429329.63,90924515.77
2103-09-01,604.47,94.93,341,22.11,81903.71,6,0,4798.08,93243684.89,91988040.37
2103-10-01,620.98,74.21,255,44.04,61091.55,1,0,4798.08,95790676.13,94853577.59
2103-11-01,444.48,66.33,211,94.06,51325.8,9,1,4798.08,68564396.1,67779686.51
2103-12-01,582.88,70.75,548,58.97,52840.25,5,0,4798.08,89913875.64,88841392.64
2104-01-01,594.51,75.31,214,54.8,109354.77,4,3,4798.08,91707483.78,90224026.51
2104-02-01,676.55,84.51,207,121.88,49886.25,2,5,4798.08,104364015.19,103599780.21
2104-03-01,600.91,60.17,430,146.33,70775.53,4,0,4798.08,92695643.95,91502337.64
2104-04-01,625.33,92.43,385,108.11,66741.97,9,0,4798.08,96462011.23,95353107.57
2104-05-01,552.8,62.89,252,47.24,109236.45,6,1,4798.08,85274613.2,83762175.76
2104-06-01,694.18,94.22,336,132.91,78215.48,2,0,4798.08,107083495.14,105876109.38
2104-07-01,625.81,96.08,373,33.16,119715.71,7,1,4798.08,96536411.63,94801423.07
2104-08-01,651.8,97.62,547,70.87,98964.38,6,2,4798.08,100546044.8,98920872.24
2104-09-01,665.43,90.76,418,81.64,108073.89,3,0,4798.08,102647235.75,101015949.12
2104-10-01,548.92,65.39,462,137.72,47893.78,4,3,4798.08,84675419.56,83731094.19
2104-11-01,576.72,86.83,454,107.38,60248.18,9,1,4798.08,88963652.79,87877474.62
2104-12-01,605.8,67.73,499,66.09,50835.7,3,2,4798.08,93448997.8,92439769.45
2105-01-01,717.64,94.09,469,51.65,77089.76,1,2,4798.08,110701295.14,109401018.05
2105-02-01,541.52,72.03,274,110.07,97463.0,8,3,4798.08,83534112.0,82145356.02
2105-03-01,695.18,72.42,423,64.0,53525.09,0,3,4798.08,107237379.67,106256678.65
2105-04-01,677.26,94.87,570,86.5,50413.48,7,2,4798.08,104473150.86,103412189.06
2105-05-01,603.13,60.5,291,38.91,89168.7,3,0,4798.08,93037847.22,91735022.82
2105-06-01,548.28,67.37,333,97.08,58425.02,8,2,4798.08,84576772.65,83609272.41
2105-07-01,639.26,76.03,362,94.66,78346.01,2,2,4798.08,98611780.97,97382028.9
2105-08-01,607.31,86.63,397,42.75,44089.42,6,2,4798.08,93681792.84,92835119.82
2105-09-01,645.04,84.61,388,110.95,94449.02,2,1,4798.08,99501901.98,98058113.68
2105-10-01,546.81,85.44,272,96.64,83305.31,9,1,4798.08,84349375.62,83132111.9
2105-11-01,616.67,93.44,585,102.2,91793.83,6,2,4798.08,95126752.33,93557226.34
2105-12-01,637.74,64.6,405,68.64,62032.51,1,2,4798.08,98376950.67,97308560.54
2106-01-01,635.77,79.84,230,85.37,62288.24,2,1,4798.08,98072254.01,97140795.15
2106-02-01,632.11,87.57,581,81.9,104108.84,7,2,4798.08,97508038.69,95793932.58
2106-03-01,629.58,84.17,318,75.55,97484.99,6,3,4798.08,97117851.45,95693631.63
2106-04-01,693.8,77.04,482,85.12,86378.29,2,1,4798.08,107023601.06,105601461.56
2106-05-01,568.21,60.65,565,117.69,90251.48,7,3,4798.08,87650939.28,86115921.54
2106-06-01,536.16,62.3,358,112.25,47523.53,8,2,4798.08,82707066.86,81850384.44
2106-07-01,632.04,64.52,454,44.54,108493.7,1,0,4798.08,97497581.95,95832457.5
2106-08-01,639.75,73.04,444,109.56,101592.56,1,1,4798.08,98686941.65,97112630.9
2106-09-01,511.43,64.47,305,115.73,87239.32,6,1,4798.08,78892234.23,77601362.35
2106-10-01,558.71,76.19,397,75.46,113487.61,7,2,4798.08,86184857.3,84505405.98
2106-11-01,563.04,66.79,319,95.25,53491.03,4,2,4798.08,86853346.37,85956253.98
2106-12-01,668.35,89.61,281,94.82,94932.59,1,3,4798.08,103098386.68,101734395.58
2107-01-01,603.6,93.12,507,54.5,117038.54,9,1,4798.08,93110807.81,91300745.3
2107-02-01,626.24,74.81,469,68.54,64800.72,4,1,4798.08,96602968.01,95450159.41
2107-03-01,713.37,79.43,386,102.52,41223.39,2,2,4798.08,110043822.61,109240341.99
2107-04-01,661.36,96.23,475,65.13,98789.4,8,0,4798.08,102019758.05,100454285.28
2107-05-01,702.84,80.35,573,109.26,40558.43,1,2,4798.08,108419152.84,107474051.73
2107-06-01,613.43,97.81,251,119.15,109802.69,8,3,4798.08,94627118.06,93108685.75
2107-07-01,637.88,65.4,556,114.31,44504.1,1,4,4798.08,98397670.95,97418821.75
2107-08-01,729.38,92.76,495,139.39,92221.18,0,1,4798.08,112513058.17,111010404.03
2107-09-01,499.17,78.89,267,77.28,70174.73,9,1,4798.08,77000548.1,75944851.32
2107-10-01,527.66,60.86,499,85.32,56267.25,5,1,4798.08,81396111.41,80321704.38
2107-11-01,634.55,96.94,333,89.62,111860.67,5,2,4798.08,97884682.18,96275954.12
2107-12-01,697.38,96.67,542,78.19,99699.67,3,1,4798.08,107576740.47,105946744.45
2108-01-01,649.13,74.56,319,96.27,67235.25,1,3,4798.08,100133525.86,99071502.91
2108-02-01,604.38,96.26,256,28.66,62732.25,9,3,4798.08,93230756.69,92273169.72
2108-03-01,630.45,65.36,385,86.15,98880.98,2,0,4798.08,97252051.68,95757479.87
2108-04-01,658.42,85.84,271,38.68,106925.66,5,0,4798.08,101567038.13,100067130.2
2108-05-01,612.96,67.29,357,51.12,97268.04,3,1,4798.08,94553593.48,93100777.03
2108-06-01,618.67,69.37,427,101.99,91199.14,4,0,4798.08,95434565.43,93998575.77
2108-07-01,631.93,89.61,507,74.03,58233.98,8,1,4798.08,97480066.87,96375659.14
2108-08-01,602.32,74.34,433,100.93,108224.32,4,3,4798.08,92912836.08,91267744.25
2108-09-01,441.59,60.27,210,73.38,99972.96,9,1,4798.08,68118395.86,66750720.36
2108-10-01,543.29,75.74,374,113.19,81381.94,7,1,4798.08,83806218.56,82530435.25
2108-11-01,622.85,68.67,460,72.83,80927.02,1,3,4798.08,96079608.11,94740483.86
2108-12-01,617.74,85.97,330,21.35,85533.84,5,1,4798.08,95291436.67,94001030.57
2109-01-01,603.73,67.39,598,86.76,106262.11,5,3,4798.08,93130163.78,91376618.45
2109-02-01,714.3,92.01,585,14.93,99380.76,4,2,4798.08,110186857.86,108526288.7
2109-03-01,591.76,70.15,201,36.42,108499.6,5,2,4798.08,91283031.53,89820236.34
2109-04-01,646.58,74.94,448,53.51,80582.62,4,1,4798.08,99739744.75,98414353.29
2109-05-01,672.16,71.33,399,49.77,89971.92,1,2,4798.08,103686912.97,102288049.88
2109-06-01,655.44,84.47,381,63.65,108365.74,4,1,4798.08,101106449.1,99501260.16
2109-07-01,664.88,63.84,549,48.74,58585.6,0,4,4798.08,102562811.36,101420584.11
2109-08-01,623.93,78.17,326,37.82,75521.65,2,3,4798.08,96245694.46,95078634.61
2109-09-01,566.54,72.71,581,126.26,89652.18,6,0,4798.08,87393553.05,85852926.91
2109-10-01,671.72,93.6,496,59.66,113211.7,3,3,4798.08,103618992.72,101863652.32
2109-11-01,524.95,62.79,396,13.08,41266.88,7,2,4798.08,80977796.71,80165794.14
2109-12-01,685.24,91.53,485,69.17,57005.85,2,3,4798.08,105703423.0,104631352.77
2110-01-01,552.99,66.37,243,46.26,58756.04,6,1,4798.08,85302880.15,84403407.67
2110-02-01,625.08,63.37,209,53.45,66129.01,1,1,4798.08,96423174.06,95462425.89
2110-03-01,587.73,67.69,424,101.31,62542.93,7,1,4798.08,90661873.49,89572158.33
2110-04-01,650.13,63.9,415,66.56,87211.1,2,3,4798.08,100287416.84,98908883.6
2110-05-01,648.06,79.8,410,45.42,110849.62,5,0,4798.08,99968079.63,98309884.17
2110-06-01,783.18,97.55,485,93.39,90958.23,1,1,4798.08,120811748.97,119332250.24
2110-07-01,581.39,61.3,416,114.5,59322.12,6,0,4798.08,89684389.17,88639723.68
2110-08-01,639.6,77.52,530,96.11,109100.23,3,2,4798.08,98663866.28,96930663.55
2110-09-01,555.4,74.67,248,6.39,90563.66,5,2,4798.08,85675551.27,84390387.31
2110-10-01,629.17,72.91,362,46.55,57516.97,1,1,4798.08,97054013.75,96074210.11
2110-11-01,624.01,72.61,392,81.42,68933.32,2,1,4798.08,96257962.9,95117163.02
2110-12-01,701.64,94.01,344,72.67,103197.18,2,0,4798.08,108233052.03,106719485.82
2111-01-01,567.59,60.72,358,70.18,99114.49,3,2,4798.08,87556040.96,86080267.02
2111-02-01,748.9,89.45,525,50.52,86126.59,0,3,4798.08,115523661.6,114070142.53
2111-03-01,609.88,69.61,379,37.83,51581.4,5,0,4798.08,94079377.14,93157200.34
2111-04-01,610.46,74.57,225,140.23,104263.14,5,2,4798.08,94167917.66,92736759.94
2111-05-01,641.22,75.97,299,80.81,64603.4,3,2,4798.08,98913976.17,97899535.34
2111-06-01,598.79,71.58,588,99.26,101727.84,7,1,4798.08,92368517.56,90677383.53
2111-07-01,586.29,63.56,310,80.19,91805.31,4,2,4798.08,90440385.85,89090722.14
2111-08-01,495.15,64.34,469,81.39,61133.62,9,0,4798.08,76381351.33,75272547.86
2111-09-01,586.63,71.33,250,78.14,56989.54,3,2,4798.08,90492761.29,89608886.83
2111-10-01,597.12,91.23,214,46.39,50472.79,6,0,4798.08,92110001.94,91333128.41
2111-11-01,501.42,65.12,327,34.57,59355.7,9,3,4798.08,77347504.3,76373635.91
2111-12-01,572.91,88.22,339,91.59,52626.32,9,1,4798.08,88376190.03,87473474.17
2112-01-01,569.26,70.98,441,85.64,89364.1,7,1,4798.08,87812883.23,86387714.03
2112-02-01,726.49,93.57,245,108.15,87902.65,1,0,4798.08,112067698.27,110816866.47
2112-03-01,723.99,76.28,433,102.06,86893.76,0,0,4798.08,111680754.29,110291629.11
2112-04-01,601.22,66.53,271,55.74,91351.18,5,1,4798.08,92742563.03,91429548.81
2112-05-01,759.05,97.46,294,113.98,105182.76,1,1,4798.08,117089606.89,115592213.74
2112-06-01,573.71,66.71,484,102.95,113084.22,7,0,4798.08,88499536.68,86755326.08
2112-07-01,648.4,81.57,331,100.73,58430.04,4,2,4798.08,100020235.35,99054274.84
2112-08-01,676.47,81.63,480,147.48,87021.96,1,0,4798.08,104350674.04,102922410.53
2112-09-01,571.51,74.17,231,141.32,46266.9,4,3,4798.08,88160267.41,87420264.64
2112-10-01,713.12,96.16,555,100.7,49611.4,1,3,4798.08,110004662.02,108965325.28
2112-11-01,608.03,92.07,236,96.96,92347.15,5,0,4798.08,93793942.56,92496976.82
2112-12-01,613.64,91.53,325,112.45,78926.44,7,1,4798.08,94659473.78,93452356.44
2113-01-01,713.11,97.02,337,62.48,100666.57,1,0,4798.08,110003169.6,108525570.8
2113-02-01,616.84,77.37,299,62.91,74054.2,5,2,4798.08,95152925.17,94025074.79
2113-03-01,608.65,63.69,441,100.2,50207.87,5,2,4798.08,93889744.29,92934449.82
2113-04-01,761.12,89.09,444,54.31,109764.29,0,3,4798.08,117408301.75,115735930.24
2113-05-01,570.99,74.47,226,97.78,46631.08,8,1,4798.08,88079880.48,87339507.54
2113-06-01,570.57,67.23,408,84.7,55117.17,7,1,4798.08,88015513.63,87027707.57
2113-07-01,670.32,78.36,590,54.31,62158.15,3,1,4798.08,103401967.17,102184069.38
2113-08-01,619.97,95.18,298,80.78,119622.45,6,1,4798.08,95635697.41,93961828.02
2113-09-01,577.11,66.51,336,119.15,73348.79,3,2,4798.08,89023846.34,87874860.91
2113-10-01,597.61,92.25,386,82.47,80136.68,7,0,4798.08,92186177.19,90915737.0
2113-11-01,514.67,75.89,235,82.6,101575.74,9,2,4798.08,79391958.77,77985049.89
2113-12-01,626.73,65.2,317,89.87,90913.25,1,0,4798.08,96677465.91,95332906.95
